-- phpMyAdmin SQL Dump
-- version 5.0.4
-- https://www.phpmyadmin.net/
--
-- Host: 127.0.0.1
-- Generation Time: Sep 13, 2021 at 02:06 PM
-- Server version: 10.4.17-MariaDB
-- PHP Version: 8.0.2

SET SQL_MODE = "NO_AUTO_VALUE_ON_ZERO";
START TRANSACTION;
SET time_zone = "+00:00";


/*!40101 SET @OLD_CHARACTER_SET_CLIENT=@@CHARACTER_SET_CLIENT */;
/*!40101 SET @OLD_CHARACTER_SET_RESULTS=@@CHARACTER_SET_RESULTS */;
/*!40101 SET @OLD_COLLATION_CONNECTION=@@COLLATION_CONNECTION */;
/*!40101 SET NAMES utf8mb4 */;

--
-- Database: `eapi`
--

-- --------------------------------------------------------

--
-- Table structure for table `failed_jobs`
--

CREATE TABLE `failed_jobs` (
  `id` bigint(20) UNSIGNED NOT NULL,
  `uuid` varchar(255) COLLATE utf8mb4_unicode_ci NOT NULL,
  `connection` text COLLATE utf8mb4_unicode_ci NOT NULL,
  `queue` text COLLATE utf8mb4_unicode_ci NOT NULL,
  `payload` longtext COLLATE utf8mb4_unicode_ci NOT NULL,
  `exception` longtext COLLATE utf8mb4_unicode_ci NOT NULL,
  `failed_at` timestamp NOT NULL DEFAULT current_timestamp()
) ENGINE=InnoDB DEFAULT CHARSET=utf8mb4 COLLATE=utf8mb4_unicode_ci;

-- --------------------------------------------------------

--
-- Table structure for table `migrations`
--

CREATE TABLE `migrations` (
  `id` int(10) UNSIGNED NOT NULL,
  `migration` varchar(255) COLLATE utf8mb4_unicode_ci NOT NULL,
  `batch` int(11) NOT NULL
) ENGINE=InnoDB DEFAULT CHARSET=utf8mb4 COLLATE=utf8mb4_unicode_ci;

--
-- Dumping data for table `migrations`
--

INSERT INTO `migrations` (`id`, `migration`, `batch`) VALUES
(1, '2014_10_12_000000_create_users_table', 1),
(2, '2014_10_12_100000_create_password_resets_table', 1),
(3, '2019_08_19_000000_create_failed_jobs_table', 1),
(4, '2019_12_14_000001_create_personal_access_tokens_table', 1),
(5, '2021_09_08_050457_create_products_table', 1),
(6, '2021_09_08_050952_create_reviews_table', 1);

-- --------------------------------------------------------

--
-- Table structure for table `password_resets`
--

CREATE TABLE `password_resets` (
  `email` varchar(255) COLLATE utf8mb4_unicode_ci NOT NULL,
  `token` varchar(255) COLLATE utf8mb4_unicode_ci NOT NULL,
  `created_at` timestamp NULL DEFAULT NULL
) ENGINE=InnoDB DEFAULT CHARSET=utf8mb4 COLLATE=utf8mb4_unicode_ci;

-- --------------------------------------------------------

--
-- Table structure for table `personal_access_tokens`
--

CREATE TABLE `personal_access_tokens` (
  `id` bigint(20) UNSIGNED NOT NULL,
  `tokenable_type` varchar(255) COLLATE utf8mb4_unicode_ci NOT NULL,
  `tokenable_id` bigint(20) UNSIGNED NOT NULL,
  `name` varchar(255) COLLATE utf8mb4_unicode_ci NOT NULL,
  `token` varchar(64) COLLATE utf8mb4_unicode_ci NOT NULL,
  `abilities` text COLLATE utf8mb4_unicode_ci DEFAULT NULL,
  `last_used_at` timestamp NULL DEFAULT NULL,
  `created_at` timestamp NULL DEFAULT NULL,
  `updated_at` timestamp NULL DEFAULT NULL
) ENGINE=InnoDB DEFAULT CHARSET=utf8mb4 COLLATE=utf8mb4_unicode_ci;

-- --------------------------------------------------------

--
-- Table structure for table `products`
--

CREATE TABLE `products` (
  `id` int(10) UNSIGNED NOT NULL,
  `name` varchar(255) COLLATE utf8mb4_unicode_ci NOT NULL,
  `detail` text COLLATE utf8mb4_unicode_ci NOT NULL,
  `price` int(11) NOT NULL,
  `stock` int(11) NOT NULL,
  `discount` int(11) NOT NULL,
  `created_at` timestamp NULL DEFAULT NULL,
  `updated_at` timestamp NULL DEFAULT NULL
) ENGINE=InnoDB DEFAULT CHARSET=utf8mb4 COLLATE=utf8mb4_unicode_ci;

--
-- Dumping data for table `products`
--

INSERT INTO `products` (`id`, `name`, `detail`, `price`, `stock`, `discount`, `created_at`, `updated_at`) VALUES
(1, 'eum', 'Dolores dolorem aut qui alias sint. Delectus est nihil quasi eos excepturi qui. Animi facilis cupiditate consequatur sed qui aut velit. Amet minima minima vero iure rerum.', 234, 5, 10, '2021-09-13 04:00:23', '2021-09-13 04:00:23'),
(2, 'unde', 'Corrupti assumenda excepturi nihil qui maiores. Vero deserunt occaecati non praesentium laborum laborum doloremque. Est accusantium nisi recusandae eius sit nam.', 392, 4, 4, '2021-09-13 04:00:23', '2021-09-13 04:00:23'),
(3, 'minima', 'Sint hic sed doloribus dolore numquam dolor aut. Modi sit doloremque optio praesentium. Nihil saepe assumenda officiis veniam eaque.', 497, 8, 4, '2021-09-13 04:00:23', '2021-09-13 04:00:23'),
(4, 'eveniet', 'Ducimus at maxime est et eligendi est. Eum omnis accusamus consequuntur in.', 196, 1, 8, '2021-09-13 04:00:23', '2021-09-13 04:00:23'),
(5, 'ad', 'Consequatur quam qui et provident et rerum. Provident corrupti natus dignissimos et.', 270, 3, 21, '2021-09-13 04:00:23', '2021-09-13 04:00:23'),
(6, 'quasi', 'Officiis in quod est cum aliquid quae rerum. Est beatae quaerat et fuga non odit accusamus. Qui harum laborum maxime sint omnis ut. Qui ad sed quis.', 729, 6, 30, '2021-09-13 04:00:23', '2021-09-13 04:00:23'),
(7, 'aliquid', 'Laboriosam enim est laboriosam a pariatur voluptate eligendi. Ipsam sint aut asperiores quia laborum accusantium. Eaque qui occaecati est similique.', 688, 8, 28, '2021-09-13 04:00:23', '2021-09-13 04:00:23'),
(8, 'deleniti', 'Voluptates laboriosam iste qui aut fuga. Veritatis quis asperiores nostrum optio eius et. Asperiores eos praesentium repudiandae. Sint voluptatem quaerat amet aliquam voluptates.', 171, 1, 19, '2021-09-13 04:00:23', '2021-09-13 04:00:23'),
(9, 'doloribus', 'Itaque ab consectetur sit minima. Atque amet architecto quis id sed qui dolores. Dolorum quidem eum et ducimus magnam minima. Earum est sed dolorem odio expedita incidunt.', 807, 9, 18, '2021-09-13 04:00:23', '2021-09-13 04:00:23'),
(10, 'cumque', 'Soluta vel delectus ipsam alias voluptas. Voluptate amet beatae vitae illo quos eos voluptatem. Ipsam qui fugit illum itaque voluptates voluptatibus. Perferendis earum illum ab incidunt molestias voluptatem.', 831, 7, 8, '2021-09-13 04:00:23', '2021-09-13 04:00:23'),
(11, 'ad', 'Aperiam aperiam dolorem ex ullam quibusdam distinctio architecto. Est et enim officiis deserunt nisi eligendi quo consequatur. Animi quasi cum aut sint quae. Quisquam est beatae explicabo aliquam.', 412, 1, 30, '2021-09-13 04:00:23', '2021-09-13 04:00:23'),
(12, 'quo', 'Et pariatur eius minus ducimus non. A eos ex dolorem voluptatem impedit quibusdam. Iure rerum nam eveniet expedita eligendi a molestiae. Odio nemo itaque itaque voluptatem sit neque.', 179, 9, 9, '2021-09-13 04:00:23', '2021-09-13 04:00:23'),
(13, 'sit', 'Consequuntur quis dolores molestiae aliquid ea consequatur et. Commodi dolor id quaerat. Fugiat hic quam sunt nulla molestiae qui nihil doloribus.', 191, 2, 4, '2021-09-13 04:00:23', '2021-09-13 04:00:23'),
(14, 'cumque', 'Ea non alias ut dolorem sit dignissimos voluptates. Non cumque ea debitis illo soluta voluptatem est et. Optio nesciunt neque animi doloribus sint sed.', 114, 4, 19, '2021-09-13 04:00:23', '2021-09-13 04:00:23'),
(15, 'sit', 'Est sit est molestias quos accusantium. Eaque perspiciatis optio expedita. Consequuntur suscipit quo voluptatem cupiditate assumenda veritatis sed.', 1000, 3, 19, '2021-09-13 04:00:23', '2021-09-13 04:00:23'),
(16, 'eius', 'Eos non eius delectus reprehenderit. Ducimus alias nulla facere consequatur quia natus ut. Recusandae hic amet sint maiores et fuga culpa quos.', 252, 1, 12, '2021-09-13 04:00:23', '2021-09-13 04:00:23'),
(17, 'deserunt', 'Eius libero cupiditate quam molestias qui a. Aut occaecati et quaerat est voluptate. Optio deleniti sint perferendis. Repudiandae in deserunt non sed optio.', 295, 7, 22, '2021-09-13 04:00:24', '2021-09-13 04:00:24'),
(18, 'expedita', 'Nemo neque veniam minus voluptatem. Id est totam id non id quia qui omnis. Doloribus vitae aut perferendis magni aut minima.', 677, 1, 9, '2021-09-13 04:00:24', '2021-09-13 04:00:24'),
(19, 'voluptatem', 'Asperiores aliquid exercitationem maiores. Et quod atque et quam enim.', 531, 6, 3, '2021-09-13 04:00:24', '2021-09-13 04:00:24'),
(20, 'aperiam', 'Accusantium ut maxime velit beatae natus ut nihil. Error alias eligendi eaque rerum sit aperiam itaque et. Quo veniam ipsa eligendi error ut. Saepe explicabo rerum ipsam iure. Et excepturi ea iusto voluptates consequatur et est.', 647, 9, 29, '2021-09-13 04:00:24', '2021-09-13 04:00:24'),
(21, 'quis', 'Ad omnis alias nostrum id maxime iste odit. Illo at totam explicabo explicabo voluptatem ea sit porro. Et laudantium eos fugiat numquam qui sit in.', 956, 5, 27, '2021-09-13 04:00:24', '2021-09-13 04:00:24'),
(22, 'sunt', 'Expedita earum expedita dignissimos. Ex corrupti velit eius. Et voluptatem quae doloremque id.', 806, 1, 6, '2021-09-13 04:00:24', '2021-09-13 04:00:24'),
(23, 'libero', 'Et rem dolor aut at quisquam consequatur quis. Voluptas unde voluptas dolore culpa minima illo rerum. Beatae odio tempora nam et numquam dolore deleniti. Quas et ducimus neque unde inventore.', 524, 5, 7, '2021-09-13 04:00:24', '2021-09-13 04:00:24'),
(24, 'vitae', 'Adipisci et et itaque. Eveniet tempore autem est omnis et. Aut dignissimos aliquam qui alias et id facere animi.', 723, 6, 27, '2021-09-13 04:00:24', '2021-09-13 04:00:24'),
(25, 'veniam', 'Temporibus dolor ipsam eius rerum quae. Et architecto magni error minima rem deserunt. Veniam qui commodi asperiores ut tempore at distinctio.', 326, 0, 14, '2021-09-13 04:00:24', '2021-09-13 04:00:24'),
(26, 'explicabo', 'Eos voluptas voluptatibus qui et architecto atque neque. Voluptatem velit voluptatem velit officia et alias. Aut optio repellat ipsum nostrum. Id commodi nemo est exercitationem et minima.', 917, 5, 7, '2021-09-13 04:00:24', '2021-09-13 04:00:24'),
(27, 'qui', 'Ab quia repellat et voluptas et culpa tempore doloremque. Nobis cupiditate delectus sequi rerum qui labore quis. Aperiam quia illum ut.', 922, 3, 6, '2021-09-13 04:00:24', '2021-09-13 04:00:24'),
(28, 'accusantium', 'Saepe et voluptas in non atque optio earum. Facilis qui dolorem itaque quos eveniet. Illum omnis ratione voluptatem magni. Quo doloribus vitae alias.', 569, 2, 9, '2021-09-13 04:00:24', '2021-09-13 04:00:24'),
(29, 'omnis', 'Sint consequatur possimus commodi ut ex eum ut. Rerum odio ea dolor quam quidem corrupti fugit. Nisi explicabo tempora iusto voluptatem animi. Sapiente itaque molestias magni aut distinctio.', 319, 8, 21, '2021-09-13 04:00:24', '2021-09-13 04:00:24'),
(30, 'a', 'Sed saepe consequatur est ut nulla aut doloremque sequi. Deleniti maxime qui voluptates nesciunt. Non voluptates in dignissimos. Nulla deserunt eveniet recusandae vel.', 937, 9, 15, '2021-09-13 04:00:24', '2021-09-13 04:00:24'),
(31, 'est', 'Consequatur voluptatem voluptas pariatur optio. Sit suscipit fuga numquam earum soluta. Ut rerum veritatis repellendus et nesciunt.', 596, 7, 24, '2021-09-13 04:00:24', '2021-09-13 04:00:24'),
(32, 'aut', 'Veritatis consequatur et vel voluptas. Molestiae omnis sit voluptatem ipsum. Dolor et asperiores enim sit eum dolores commodi. Omnis qui ipsam maxime culpa animi aut. Similique alias porro rem ut dolores nulla.', 464, 7, 8, '2021-09-13 04:00:24', '2021-09-13 04:00:24'),
(33, 'est', 'Accusamus dignissimos nisi facere at. Voluptates dolorem sequi voluptatem et quo non. Deleniti numquam dignissimos alias ad beatae cum hic. Accusantium quidem rerum architecto dicta ea dolores blanditiis.', 459, 8, 8, '2021-09-13 04:00:24', '2021-09-13 04:00:24'),
(34, 'recusandae', 'Et voluptates sint neque distinctio quos incidunt qui. Tempore voluptatem dolorem et et modi hic laudantium. Eos unde eos nihil quia dignissimos iusto.', 325, 7, 26, '2021-09-13 04:00:24', '2021-09-13 04:00:24'),
(35, 'pariatur', 'Consequuntur illo facere aut molestiae autem unde. Deserunt commodi repellat repellat omnis voluptatibus officia. Et sequi aliquam ipsam aut.', 881, 6, 17, '2021-09-13 04:00:24', '2021-09-13 04:00:24'),
(36, 'et', 'Ut sit placeat modi debitis. Natus maiores reiciendis dolorem qui voluptatum. Aliquid et ut alias molestiae soluta unde.', 921, 8, 5, '2021-09-13 04:00:24', '2021-09-13 04:00:24'),
(37, 'quia', 'Ullam repellat nesciunt voluptas reiciendis ut. Est sit voluptas explicabo numquam. Culpa harum soluta sed repellat.', 851, 9, 16, '2021-09-13 04:00:24', '2021-09-13 04:00:24'),
(38, 'voluptates', 'Vel cupiditate voluptatem sed tenetur reprehenderit modi recusandae. Nihil quas ut natus quam cum qui maiores esse. Dolore amet vitae temporibus qui laudantium eligendi exercitationem. Laboriosam distinctio dolores et esse et.', 788, 1, 18, '2021-09-13 04:00:25', '2021-09-13 04:00:25'),
(39, 'earum', 'Animi rerum quo aperiam veritatis commodi earum laboriosam tempora. Et nostrum facere ea in voluptas in eligendi modi. Dicta voluptatem laborum ipsa.', 334, 3, 19, '2021-09-13 04:00:25', '2021-09-13 04:00:25'),
(40, 'adipisci', 'Animi nulla voluptas quibusdam aut itaque rem quo. Magnam aliquam accusamus non nesciunt sunt. Non a esse rerum ea et. Sint et pariatur ab quo animi.', 783, 2, 26, '2021-09-13 04:00:25', '2021-09-13 04:00:25'),
(41, 'aperiam', 'Et suscipit ut quidem cumque. Est officiis velit voluptatem natus. Fugiat minima et et ea modi. Dolores voluptatem sequi non modi cumque.', 410, 2, 20, '2021-09-13 04:00:25', '2021-09-13 04:00:25'),
(42, 'dolores', 'Omnis minima aperiam accusamus aut ratione voluptate. Corporis tenetur quas dolore asperiores qui. Voluptas consequatur quia delectus ad vel.', 115, 1, 15, '2021-09-13 04:00:25', '2021-09-13 04:00:25'),
(43, 'eum', 'Reprehenderit tempora occaecati vitae enim. Quasi qui est eius dolorum earum qui quod. Eveniet eos ducimus voluptas eius. Dolor error laboriosam saepe et soluta qui repudiandae magni.', 199, 6, 18, '2021-09-13 04:00:25', '2021-09-13 04:00:25'),
(44, 'qui', 'Ex voluptatibus voluptatem rem sunt expedita iusto commodi. Consequatur explicabo ut aut est. Ut dicta sit saepe numquam facilis. Eaque aut voluptates sed earum laudantium illum quidem itaque.', 160, 4, 12, '2021-09-13 04:00:25', '2021-09-13 04:00:25'),
(45, 'ut', 'Rerum eum quia repellendus molestiae iste. Illo assumenda et ut quia dolores vel. Quis nihil provident sapiente accusantium. Est consequatur similique a qui odit blanditiis accusamus.', 391, 4, 29, '2021-09-13 04:00:25', '2021-09-13 04:00:25'),
(46, 'quis', 'A itaque dicta consequuntur incidunt voluptatem. Quia aut cupiditate architecto voluptatibus eligendi illo veniam.', 747, 2, 28, '2021-09-13 04:00:25', '2021-09-13 04:00:25'),
(47, 'sit', 'Labore voluptas fugit ut aut iure. Voluptatem dolores nulla consequatur accusamus tempora vitae. Unde sint minus neque voluptatem temporibus nihil perspiciatis.', 606, 1, 6, '2021-09-13 04:00:25', '2021-09-13 04:00:25'),
(48, 'eum', 'Unde quia unde dolores magni sapiente. Magnam debitis ad voluptates incidunt officia. Veritatis dolores assumenda et et harum sequi voluptas. Vitae nulla suscipit quidem vel officia.', 341, 8, 19, '2021-09-13 04:00:25', '2021-09-13 04:00:25'),
(49, 'cupiditate', 'Illo perspiciatis laboriosam ut et non qui. Itaque aut quisquam illum minima.', 329, 7, 26, '2021-09-13 04:00:25', '2021-09-13 04:00:25'),
(50, 'veritatis', 'Quae dignissimos non odio vel. Fugiat maiores corrupti vitae sit. Eaque laudantium iure et et quis corporis voluptatem beatae.', 588, 1, 2, '2021-09-13 04:00:25', '2021-09-13 04:00:25');

-- --------------------------------------------------------

--
-- Table structure for table `reviews`
--

CREATE TABLE `reviews` (
  `id` int(10) UNSIGNED NOT NULL,
  `product_id` int(10) UNSIGNED NOT NULL,
  `customer` varchar(255) COLLATE utf8mb4_unicode_ci NOT NULL,
  `review` text COLLATE utf8mb4_unicode_ci NOT NULL,
  `star` int(11) NOT NULL,
  `created_at` timestamp NULL DEFAULT NULL,
  `updated_at` timestamp NULL DEFAULT NULL
) ENGINE=InnoDB DEFAULT CHARSET=utf8mb4 COLLATE=utf8mb4_unicode_ci;

--
-- Dumping data for table `reviews`
--

INSERT INTO `reviews` (`id`, `product_id`, `customer`, `review`, `star`, `created_at`, `updated_at`) VALUES
(1, 7, 'Sabryna Schneider', 'Soluta saepe laudantium aspernatur. Quis deserunt ut debitis aut. Occaecati deleniti adipisci nam.', 1, '2021-09-13 04:00:26', '2021-09-13 04:00:26'),
(2, 1, 'Prof. Osvaldo Schmeler II', 'Porro ullam deleniti atque sed. Libero cum sapiente voluptatem. Numquam quis laboriosam laborum qui labore soluta sint.', 1, '2021-09-13 04:00:26', '2021-09-13 04:00:26'),
(3, 3, 'Carley Dicki DVM', 'Ea suscipit nobis expedita est et rerum quia. Suscipit perspiciatis harum numquam consequatur. Autem adipisci autem dignissimos voluptatem corporis dolor molestias. Atque expedita expedita autem molestiae sit aperiam dolor iure.', 2, '2021-09-13 04:00:26', '2021-09-13 04:00:26'),
(4, 10, 'Jake Feest', 'Minima autem voluptas consequatur necessitatibus. Explicabo voluptatem id doloribus veniam id placeat. Ipsa et similique id ut numquam esse. Temporibus eligendi excepturi quam sed.', 3, '2021-09-13 04:00:26', '2021-09-13 04:00:26'),
(5, 46, 'Mr. Mckenzie Kunze', 'Maxime suscipit non quia vel. Quo qui in voluptatem et necessitatibus inventore tempora voluptates. Id sequi velit eveniet aliquam quia ipsam ad. Veniam qui maxime repellat voluptatum placeat.', 5, '2021-09-13 04:00:26', '2021-09-13 04:00:26'),
(6, 35, 'Hal Gusikowski', 'Dolor possimus hic ex et excepturi. Quod placeat magnam aspernatur porro temporibus. Earum accusamus qui doloribus aliquam consectetur est. Quasi iusto alias esse.', 5, '2021-09-13 04:00:26', '2021-09-13 04:00:26'),
(7, 50, 'Keara Fisher IV', 'Laboriosam labore rerum quidem et. Ut nulla rerum unde est voluptatibus expedita. Quas qui quo dignissimos et qui quod.', 0, '2021-09-13 04:00:26', '2021-09-13 04:00:26'),
(8, 41, 'Ayla Reichert', 'Inventore quaerat necessitatibus earum ullam. Ut vel illum qui. Sit sit quis nobis odit nulla voluptas officia.', 0, '2021-09-13 04:00:27', '2021-09-13 04:00:27'),
(9, 21, 'Miss Sincere Schoen III', 'Molestiae ipsum atque explicabo. Consequatur dolore debitis voluptatem tempora. Necessitatibus et minus qui est.', 2, '2021-09-13 04:00:27', '2021-09-13 04:00:27'),
(10, 18, 'Ms. Arielle Kautzer DDS', 'Voluptatem natus non et iste. Quasi et rerum quos velit. Dolorem eum temporibus deserunt harum nesciunt similique.', 4, '2021-09-13 04:00:27', '2021-09-13 04:00:27'),
(11, 14, 'Verla Braun', 'Aut vitae consequatur doloribus labore aperiam necessitatibus. Dignissimos minus laboriosam quis error aut aut enim. Corporis voluptas commodi quia dolorem non. Quia delectus earum ullam.', 0, '2021-09-13 04:00:27', '2021-09-13 04:00:27'),
(12, 25, 'Margret Haley', 'Aliquam consequatur velit labore voluptate. Quaerat nesciunt et nihil temporibus. Quod sunt et quasi consequatur dolor voluptatem.', 3, '2021-09-13 04:00:27', '2021-09-13 04:00:27'),
(13, 48, 'Salvatore Upton', 'Est voluptatem est ut eum aliquam. Modi quos magni quia dignissimos eligendi maxime sed. Amet est debitis voluptas ab nisi cum. Cum ea inventore molestias natus praesentium molestiae.', 3, '2021-09-13 04:00:27', '2021-09-13 04:00:27'),
(14, 49, 'Otho Kreiger Sr.', 'Rerum qui optio dolore. Architecto ut assumenda sit ratione.', 5, '2021-09-13 04:00:27', '2021-09-13 04:00:27'),
(15, 8, 'Ms. Janet Monahan', 'Dolore maiores exercitationem dicta id tempore dolores fugiat est. Porro similique ipsum nemo saepe ea quia.', 3, '2021-09-13 04:00:27', '2021-09-13 04:00:27'),
(16, 46, 'Adele Howell', 'Temporibus laborum est sunt sunt nesciunt recusandae. Perspiciatis harum non officia dolor totam corrupti. Est maiores provident veritatis saepe. Accusantium dolorem accusantium eaque corporis aliquam.', 5, '2021-09-13 04:00:27', '2021-09-13 04:00:27'),
(17, 9, 'Miss Chasity Batz IV', 'Culpa voluptates dolorum aperiam et. Dolorum consequatur in quia velit. Velit soluta consectetur est culpa perferendis quod aspernatur.', 5, '2021-09-13 04:00:27', '2021-09-13 04:00:27'),
(18, 50, 'Mrs. Willa Kassulke', 'Illo est quibusdam voluptas velit. Eos corporis nemo quo omnis ut quasi. Ad occaecati et et pariatur. Impedit omnis omnis quod quasi veniam.', 1, '2021-09-13 04:00:27', '2021-09-13 04:00:27'),
(19, 22, 'Bart Wolff', 'Velit quam enim occaecati et optio. Et recusandae aut quia doloremque aliquam commodi. Accusamus architecto et quia beatae dolorem eos.', 4, '2021-09-13 04:00:27', '2021-09-13 04:00:27'),
(20, 38, 'Prof. Salvador Bosco Jr.', 'Molestiae non dicta eos minima dolorem commodi et rerum. Ut omnis provident aut alias tempora ratione mollitia vel. Odio illo est voluptas ea accusamus itaque. Veniam officia sed eos sunt.', 1, '2021-09-13 04:00:27', '2021-09-13 04:00:27'),
(21, 8, 'Brant Waelchi', 'Quidem sed tenetur eum quisquam. Velit ea et est quis. Ea atque qui dolor tempora suscipit vel.', 1, '2021-09-13 04:00:27', '2021-09-13 04:00:27'),
(22, 28, 'Shany Schultz PhD', 'Eos dolorum sit accusantium veniam tempora et et. Qui dolore beatae tempora velit assumenda. In saepe ullam consequatur quod nihil. Quibusdam delectus maxime architecto atque.', 5, '2021-09-13 04:00:27', '2021-09-13 04:00:27'),
(23, 6, 'Julio Dibbert', 'Voluptatibus velit sunt consequuntur. Corporis repellat repellat est perspiciatis et.', 2, '2021-09-13 04:00:28', '2021-09-13 04:00:28'),
(24, 23, 'Ola Kertzmann', 'Ducimus nostrum voluptatem totam cumque omnis alias. Odio ea dolores ut quibusdam. Quisquam iste sunt et dolor.', 4, '2021-09-13 04:00:28', '2021-09-13 04:00:28'),
(25, 8, 'Alexandrea Lehner', 'Id cupiditate facilis possimus atque quia laborum. Beatae quia et et eum voluptates. Repellendus numquam sed facilis aut enim.', 3, '2021-09-13 04:00:28', '2021-09-13 04:00:28'),
(26, 10, 'Leila Witting', 'Doloribus quibusdam cum aut hic modi. At numquam enim consequatur repellat quaerat atque. Dolorum sint quibusdam magni eum doloremque magnam ad harum. Voluptas et impedit quas fugiat consequatur occaecati nostrum.', 1, '2021-09-13 04:00:28', '2021-09-13 04:00:28'),
(27, 10, 'Colin Torp', 'Et doloribus vel vel at. Esse possimus suscipit nihil non. Quia aut sint in repellendus minima fugiat et. Ut dolores sunt unde nostrum.', 2, '2021-09-13 04:00:28', '2021-09-13 04:00:28'),
(28, 42, 'Gonzalo Predovic Sr.', 'Et enim aut dolores quia nemo aspernatur officiis. Natus alias perferendis sunt molestiae eos. Sit ut est sit.', 0, '2021-09-13 04:00:28', '2021-09-13 04:00:28'),
(29, 22, 'Dr. Andrew Lehner', 'Voluptatem asperiores quas dolorum exercitationem provident architecto molestiae qui. Eaque porro rerum placeat totam aliquid voluptas. Qui totam ut laboriosam et consequatur.', 2, '2021-09-13 04:00:28', '2021-09-13 04:00:28'),
(30, 6, 'Sibyl Wehner', 'A dolorum ut sapiente doloribus est atque. Nesciunt non id sit veritatis ea animi distinctio magnam. Laboriosam laboriosam ut quasi aut neque consequatur. Praesentium aut ipsam sed illum cumque quo.', 2, '2021-09-13 04:00:28', '2021-09-13 04:00:28'),
(31, 33, 'Ryleigh O\'Kon', 'Incidunt mollitia quos ipsam et et et odio. Aliquid dicta provident magni qui laboriosam amet. Voluptas doloremque explicabo cumque eaque.', 2, '2021-09-13 04:00:28', '2021-09-13 04:00:28'),
(32, 30, 'Dr. Noel Mann', 'Voluptatibus eos laboriosam tempora rerum iste dolorem nobis. Blanditiis unde qui unde libero doloribus placeat. Rerum cupiditate corrupti et aut a iste soluta.', 0, '2021-09-13 04:00:29', '2021-09-13 04:00:29'),
(33, 7, 'Ms. Joanne Schumm DVM', 'Dolore nisi ratione rerum quidem quo earum autem. Omnis aut nisi adipisci dolorem explicabo. Maxime ipsam excepturi debitis ea labore voluptatem. In voluptatem error a.', 4, '2021-09-13 04:00:29', '2021-09-13 04:00:29'),
(34, 47, 'Stan Schamberger', 'Voluptatem sit perferendis deleniti dolor minus. Sunt in facilis qui aut quasi. Eos itaque dolores voluptas eaque dolores.', 1, '2021-09-13 04:00:29', '2021-09-13 04:00:29'),
(35, 34, 'Wyatt Schumm Jr.', 'Voluptate qui eveniet ipsam et eligendi vitae magni tempora. Maiores est pariatur provident vel nobis inventore. Ut dolorem maxime quo.', 3, '2021-09-13 04:00:29', '2021-09-13 04:00:29'),
(36, 5, 'Oda Langworth', 'Voluptatum natus laudantium voluptatem ducimus vitae ad. Omnis soluta dolore qui sequi vero. Nostrum modi necessitatibus suscipit recusandae libero amet. Facilis molestiae doloribus consequatur quas beatae ut iusto.', 5, '2021-09-13 04:00:29', '2021-09-13 04:00:29'),
(37, 16, 'Yasmine Murray', 'Voluptas ad asperiores nihil eum voluptatem qui. Assumenda autem praesentium veritatis voluptatum reiciendis. Suscipit ut rerum unde doloremque velit et. Laudantium voluptate distinctio omnis culpa.', 4, '2021-09-13 04:00:29', '2021-09-13 04:00:29'),
(38, 45, 'Stacy Hartmann', 'Mollitia fugit suscipit et modi consectetur omnis harum. Quis quod consectetur est explicabo aliquid ipsam.', 0, '2021-09-13 04:00:29', '2021-09-13 04:00:29'),
(39, 36, 'Kirsten Pollich', 'Quibusdam dolorem quibusdam architecto. Aut laudantium aut iusto id. Quo suscipit tenetur sequi est alias autem. Rerum occaecati ad voluptatibus repudiandae.', 0, '2021-09-13 04:00:29', '2021-09-13 04:00:29'),
(40, 27, 'Amir Altenwerth', 'Totam qui odio ut voluptas et aliquam. Sequi distinctio temporibus laudantium dolores. Doloremque corrupti voluptatibus voluptas modi reiciendis itaque.', 5, '2021-09-13 04:00:29', '2021-09-13 04:00:29'),
(41, 44, 'Osborne Kozey', 'Aut illo atque et aut. Et rem sequi officia molestiae maxime odio molestiae.', 1, '2021-09-13 04:00:29', '2021-09-13 04:00:29'),
(42, 42, 'Elisha Dare', 'Corrupti deleniti quos fuga nesciunt. Beatae qui maxime consectetur voluptate voluptates eligendi. Nemo est hic officiis eos tempore facere. Doloremque itaque id dolores iusto quaerat quo deleniti.', 0, '2021-09-13 04:00:29', '2021-09-13 04:00:29'),
(43, 32, 'Mrs. Joanie Russel', 'Totam odio quam aliquam dolore. Similique ducimus sequi aut voluptate.', 0, '2021-09-13 04:00:29', '2021-09-13 04:00:29'),
(44, 30, 'Prof. Donato Friesen', 'Ut exercitationem error consequatur. Laudantium ipsum veritatis ut. Aut quia nulla id voluptates.', 2, '2021-09-13 04:00:29', '2021-09-13 04:00:29'),
(45, 40, 'Kamron Reilly', 'Voluptatem expedita ducimus facilis sunt quo eos vero. Omnis recusandae rerum et hic. Voluptatem molestias eius amet sunt impedit iste.', 4, '2021-09-13 04:00:29', '2021-09-13 04:00:29'),
(46, 37, 'Mr. Casimir Kiehn Sr.', 'Incidunt magni voluptates laborum aut quia. Quae incidunt vitae est nobis officia. Voluptate impedit quam autem qui. Adipisci ipsum expedita et nemo vitae earum.', 2, '2021-09-13 04:00:29', '2021-09-13 04:00:29'),
(47, 8, 'Marlon Stoltenberg', 'Tempore autem deleniti quae facere iure rerum. Sed voluptatem at expedita ullam. Magnam maxime magnam in explicabo fugit rerum explicabo ut.', 5, '2021-09-13 04:00:29', '2021-09-13 04:00:29'),
(48, 19, 'Mrs. Ivah Osinski', 'Totam quae commodi a natus nobis. At quisquam fuga iusto aut hic.', 1, '2021-09-13 04:00:29', '2021-09-13 04:00:29'),
(49, 39, 'Pamela Herman', 'Dolore optio aut fugiat iure qui sunt. Quia deleniti id consequatur consequatur hic qui quam veritatis. Culpa ipsa facere vero deleniti nesciunt sint molestias.', 3, '2021-09-13 04:00:29', '2021-09-13 04:00:29'),
(50, 41, 'Mr. Consuelo White', 'Earum est repudiandae similique. Qui nihil nam explicabo aut. Sunt excepturi est est ipsam. Et impedit enim dolore a magnam.', 2, '2021-09-13 04:00:30', '2021-09-13 04:00:30'),
(51, 10, 'Miss Elouise Jakubowski PhD', 'Aut numquam illum nisi itaque. Facere eum esse dolorem occaecati veritatis non eum. Quia alias nisi sint rerum laboriosam. Fugiat excepturi voluptates eaque tempore sed.', 2, '2021-09-13 04:00:30', '2021-09-13 04:00:30'),
(52, 27, 'Amara Grimes', 'Tenetur deserunt tenetur sapiente in incidunt et. Nam quo id itaque consectetur non. Eveniet voluptatem consequuntur ut delectus aspernatur sunt quas.', 3, '2021-09-13 04:00:30', '2021-09-13 04:00:30'),
(53, 48, 'Linda Batz Sr.', 'Dolorem voluptates odit dignissimos delectus ut ipsa nihil. Molestiae quas dicta eum incidunt quia quia. Quasi non nemo sit esse asperiores.', 2, '2021-09-13 04:00:30', '2021-09-13 04:00:30'),
(54, 30, 'Dr. Fredy McLaughlin Sr.', 'Odio aspernatur expedita repellat nam. Possimus id sit aut in autem. Suscipit et ad eum eveniet fuga nihil.', 1, '2021-09-13 04:00:30', '2021-09-13 04:00:30'),
(55, 5, 'Mikel Okuneva', 'Autem est aut eum et. Aut temporibus enim provident molestiae id et est. Placeat quaerat doloribus animi quia neque repudiandae. Adipisci modi aut exercitationem.', 3, '2021-09-13 04:00:30', '2021-09-13 04:00:30'),
(56, 6, 'Kurtis Abshire', 'Ut hic perferendis totam qui neque et. Consequuntur quia consectetur quasi nihil blanditiis. Tempora necessitatibus quo distinctio esse. Incidunt et ut maxime incidunt.', 3, '2021-09-13 04:00:30', '2021-09-13 04:00:30'),
(57, 12, 'Gerry Welch IV', 'Corporis ab sed natus blanditiis. Adipisci et a odit ut aspernatur vel officiis. Aperiam enim pariatur animi eum dolor qui cum.', 3, '2021-09-13 04:00:30', '2021-09-13 04:00:30'),
(58, 18, 'Brant Muller', 'Numquam sed deleniti aut deleniti. Repellat atque quia molestiae suscipit iusto nobis. Quidem et deleniti non sint quis atque consequatur.', 1, '2021-09-13 04:00:30', '2021-09-13 04:00:30'),
(59, 39, 'Dasia Wyman', 'Atque animi maiores reprehenderit. Et est ut sed. Ratione porro vel qui nam quisquam consequatur et.', 5, '2021-09-13 04:00:30', '2021-09-13 04:00:30'),
(60, 37, 'Dr. Karli Kassulke', 'Eveniet et placeat explicabo ea molestias non minus. Asperiores suscipit quia in sed voluptatem rem maxime. Tempore eligendi repudiandae deleniti eaque id.', 3, '2021-09-13 04:00:30', '2021-09-13 04:00:30'),
(61, 23, 'Jovanny Hill', 'Debitis assumenda excepturi veniam voluptatum esse. Qui qui quidem animi reprehenderit harum. Occaecati autem tenetur eveniet minima ad. Excepturi reprehenderit laudantium commodi eaque aperiam sequi eos.', 3, '2021-09-13 04:00:30', '2021-09-13 04:00:30'),
(62, 42, 'Cassandre Hayes V', 'Velit quia consequatur ea aspernatur est hic. Voluptatibus dolor adipisci vel asperiores. Amet nobis cumque minima.', 3, '2021-09-13 04:00:30', '2021-09-13 04:00:30'),
(63, 7, 'Prof. Vergie Brekke', 'Sunt voluptates quis voluptas in repellendus. Eum et sit odio ratione beatae quisquam rerum. Quia tempore qui voluptates quos hic est qui. Aspernatur minima quo impedit optio hic laboriosam fugit.', 3, '2021-09-13 04:00:30', '2021-09-13 04:00:30'),
(64, 5, 'Anabel Nitzsche', 'Necessitatibus nihil at velit est ad sed. Modi nesciunt libero quia consectetur. Nemo qui sunt repellendus dignissimos ut aut facere. Accusantium magni nesciunt tenetur magni cupiditate veniam.', 2, '2021-09-13 04:00:30', '2021-09-13 04:00:30'),
(65, 37, 'Ryleigh Mayert MD', 'Porro quo nostrum nam velit eveniet. Voluptatem explicabo id voluptas beatae error molestias aut. Necessitatibus ad accusamus voluptatem quae similique omnis vel et. Est veniam quia exercitationem eos dicta. Quam error quo doloremque est temporibus sapiente.', 4, '2021-09-13 04:00:30', '2021-09-13 04:00:30'),
(66, 48, 'Ernesto Cassin', 'Animi assumenda commodi porro. Consequatur expedita vel quisquam aut consequuntur commodi exercitationem. Aut veniam eum eius possimus vitae nihil consectetur. Commodi laborum est quaerat.', 5, '2021-09-13 04:00:30', '2021-09-13 04:00:30'),
(67, 44, 'Jameson Kuvalis', 'Ut nemo nihil omnis molestias dolor animi odit. Unde sapiente explicabo quasi et quasi et quos pariatur. Placeat id excepturi iste consequuntur et qui.', 4, '2021-09-13 04:00:30', '2021-09-13 04:00:30'),
(68, 8, 'Laurence McKenzie', 'Explicabo dicta atque et commodi magni perferendis adipisci. Nulla culpa ea sit ipsum at tenetur sit iusto. Esse ex odit at voluptatem quisquam tenetur sint.', 2, '2021-09-13 04:00:30', '2021-09-13 04:00:30'),
(69, 30, 'Greta Batz', 'Maxime quis repellendus delectus voluptas alias recusandae sint. At repellendus non ut magnam ea et eveniet. Harum velit occaecati eum eos et autem non. Culpa blanditiis similique iure saepe nesciunt.', 0, '2021-09-13 04:00:30', '2021-09-13 04:00:30'),
(70, 18, 'Ms. Yvette Morar', 'Quo quia omnis sit quia consequatur repudiandae ut. Excepturi ut facilis nostrum vitae neque. Sit magni recusandae et non est dolor fuga. Rerum magnam ex cum.', 5, '2021-09-13 04:00:30', '2021-09-13 04:00:30'),
(71, 11, 'Dakota Feest', 'Nisi dolorum dolores saepe magnam tempora quasi. Occaecati soluta ex ratione neque esse dolor aut. Numquam debitis voluptatem suscipit ea quas. Eaque consequuntur tenetur eligendi sint reiciendis quia.', 5, '2021-09-13 04:00:30', '2021-09-13 04:00:30'),
(72, 48, 'Verla Blanda', 'Veritatis placeat autem cum rerum quis laborum vero. Quia aut doloribus quasi expedita labore consequatur exercitationem. Sit vero illo ut quia nihil quam. Qui nam perferendis ut.', 1, '2021-09-13 04:00:31', '2021-09-13 04:00:31'),
(73, 35, 'Kennedi Mraz PhD', 'Quis qui aspernatur minima laborum maiores maiores. Dolore perferendis aliquam sint numquam unde. Maxime dolor et eum debitis laboriosam vel aut. Occaecati quia et molestiae omnis at. Assumenda inventore perferendis temporibus ea quia animi et.', 0, '2021-09-13 04:00:31', '2021-09-13 04:00:31'),
(74, 17, 'Ervin Bechtelar', 'Ea architecto sit et sed eum. Ducimus reprehenderit delectus dicta et nihil id. Ea doloribus cum provident quibusdam et molestiae.', 4, '2021-09-13 04:00:31', '2021-09-13 04:00:31'),
(75, 29, 'Mr. Armani Rau II', 'Repudiandae animi non ullam sunt dolorem. Dicta maiores voluptatem qui aut mollitia. Quidem magnam ut ab sit omnis placeat quia.', 5, '2021-09-13 04:00:31', '2021-09-13 04:00:31'),
(76, 9, 'Josiane Price', 'Quasi excepturi dolorem assumenda odio. Dignissimos dolorem impedit voluptate tempora. Velit iusto recusandae vel in animi. Esse perferendis vitae optio sed provident possimus ut.', 4, '2021-09-13 04:00:31', '2021-09-13 04:00:31'),
(77, 41, 'Brain Brekke', 'Commodi id eligendi et aut in odit omnis numquam. Odio ipsum sunt sapiente animi. Aliquid laudantium qui accusamus autem. Deserunt sed ducimus aut ut voluptas. Illo quos dolorem odit atque perferendis et labore illo.', 2, '2021-09-13 04:00:31', '2021-09-13 04:00:31'),
(78, 4, 'Marina Connelly', 'Et qui hic eos porro consequatur in quis. Qui quas ut aliquid ratione.', 3, '2021-09-13 04:00:31', '2021-09-13 04:00:31'),
(79, 34, 'Demetris Konopelski', 'Accusantium laborum odit sint possimus doloremque. Quaerat voluptas culpa a quibusdam laborum nulla dolorem. Occaecati repellendus nobis autem ullam aut officia est. Aut harum odio fugit dolor.', 4, '2021-09-13 04:00:31', '2021-09-13 04:00:31'),
(80, 34, 'Erik Flatley', 'Quidem aperiam vel adipisci nemo reprehenderit magnam perspiciatis. Illo voluptatibus non possimus culpa aut consequuntur. Quia deserunt deserunt recusandae rem qui. A inventore non placeat labore ut excepturi.', 4, '2021-09-13 04:00:31', '2021-09-13 04:00:31'),
(81, 40, 'Aletha Marks MD', 'Debitis ea eius laborum iusto et et dolorem. Quidem quas voluptatum perspiciatis vero ut odit ut. Similique corporis et saepe praesentium magni. Blanditiis voluptate modi omnis saepe natus veritatis qui.', 0, '2021-09-13 04:00:31', '2021-09-13 04:00:31'),
(82, 13, 'Loyal Robel', 'Doloremque nisi dolores aut saepe omnis et. Quaerat consequatur facere temporibus aut numquam quae officiis illo. Dolor aut mollitia facere. Labore quisquam magnam similique sunt ipsam quia.', 1, '2021-09-13 04:00:31', '2021-09-13 04:00:31'),
(83, 35, 'Kimberly Fay III', 'Est vero accusantium fugit quis et quae nobis. Molestiae at quisquam itaque velit neque eum iure. Ea possimus asperiores quidem corrupti.', 3, '2021-09-13 04:00:31', '2021-09-13 04:00:31'),
(84, 47, 'Kali Torp', 'Minus quod est et sapiente consequatur. Animi unde vel alias. Alias a quia ipsum voluptas non assumenda.', 3, '2021-09-13 04:00:31', '2021-09-13 04:00:31'),
(85, 30, 'Miss Sydnie Weimann', 'Non ut deserunt qui velit fuga. Hic quia natus est laborum quis sequi error. Quam quae hic debitis consequatur fuga sit. Hic sunt eos quibusdam dolorem.', 1, '2021-09-13 04:00:31', '2021-09-13 04:00:31'),
(86, 37, 'Prof. Paige Doyle IV', 'Omnis harum deleniti illo ipsam voluptate soluta dolorem. Nihil corporis non voluptas commodi ut modi. Aspernatur alias error quia voluptate ducimus.', 4, '2021-09-13 04:00:31', '2021-09-13 04:00:31'),
(87, 16, 'Kane Lynch', 'Suscipit rerum facilis ut culpa quae. Exercitationem minima aut suscipit ea ea numquam sit. Quae praesentium delectus dolore modi. Eveniet soluta placeat non sed voluptates consectetur.', 4, '2021-09-13 04:00:31', '2021-09-13 04:00:31'),
(88, 28, 'Julien Maggio', 'Corrupti excepturi omnis ratione aut praesentium unde ipsa voluptatibus. Error nisi quasi voluptate et. Officiis voluptates veritatis nulla tempora culpa asperiores.', 2, '2021-09-13 04:00:31', '2021-09-13 04:00:31'),
(89, 19, 'Hobart Wolff', 'Nihil et et id deserunt et dolorem aperiam. Suscipit totam ipsum aperiam ea. Quibusdam at asperiores autem commodi doloribus maxime. Enim est sunt quaerat autem eum et corrupti.', 2, '2021-09-13 04:00:31', '2021-09-13 04:00:31'),
(90, 34, 'Mr. Art Thompson DDS', 'Commodi esse non dolore. Accusantium nostrum ex fugiat non. Sint tenetur nostrum rem ea eius. Et sed et libero rerum rerum temporibus eum.', 2, '2021-09-13 04:00:31', '2021-09-13 04:00:31'),
(91, 5, 'Dr. Alex Kshlerin II', 'Facere amet vitae nesciunt odio qui dolore aspernatur. Cum vitae sed nostrum corrupti sed tempora. Minima veniam harum sint officia. Deleniti repellat cum aliquid dolor iste autem.', 3, '2021-09-13 04:00:31', '2021-09-13 04:00:31'),
(92, 38, 'Nolan Blanda PhD', 'Officia nulla praesentium ad ratione ipsam eligendi natus. Cupiditate tempora vitae aut voluptates dolorem quo. Quisquam officiis ab molestias qui sed et blanditiis sint.', 1, '2021-09-13 04:00:31', '2021-09-13 04:00:31'),
(93, 36, 'Kieran Mraz V', 'Cumque voluptatum maxime pariatur mollitia velit quaerat. Incidunt nisi fugit labore. Molestiae autem blanditiis nulla labore.', 1, '2021-09-13 04:00:32', '2021-09-13 04:00:32'),
(94, 29, 'Diamond Marks', 'Ea nemo quas ut perferendis quia iure. Ullam voluptatum consequatur dolores iste rerum expedita esse. Neque eum id eos aut. In doloremque ut ipsa earum enim.', 0, '2021-09-13 04:00:32', '2021-09-13 04:00:32'),
(95, 3, 'Floy Funk', 'Numquam provident aperiam qui impedit laudantium aliquam. Assumenda a est quos ipsa est. Earum quia veritatis quia quis accusantium eos.', 0, '2021-09-13 04:00:32', '2021-09-13 04:00:32'),
(96, 20, 'Ressie Runte', 'Ea ducimus fugit quos ad sed consequatur. Et quos est quis et vel. Aliquid quae ut omnis qui error odit est et. Enim quia placeat magnam perferendis voluptatum consequatur.', 2, '2021-09-13 04:00:32', '2021-09-13 04:00:32'),
(97, 18, 'Ms. Edwina McGlynn', 'Non optio eveniet tempora nulla aliquid. Veritatis quia dicta omnis repudiandae unde quam. Dolorem modi iusto atque sed dignissimos itaque consequuntur.', 2, '2021-09-13 04:00:32', '2021-09-13 04:00:32'),
(98, 37, 'Mr. Granville Davis III', 'Vero quaerat quia cumque cumque dolorem et. Iure rerum vel eos quia dolores. Est magnam molestiae modi nemo sit pariatur. Ex nobis fuga ex. Nihil voluptas nemo assumenda.', 0, '2021-09-13 04:00:32', '2021-09-13 04:00:32'),
(99, 14, 'Dr. Tate Feest MD', 'Impedit laudantium numquam autem sit. Quod ut delectus quia. Cupiditate sapiente iusto qui eveniet et reiciendis optio. Nisi et dolor perspiciatis quos voluptates ratione dignissimos.', 4, '2021-09-13 04:00:32', '2021-09-13 04:00:32'),
(100, 11, 'Louvenia Veum', 'Corporis ipsa dolorem doloremque aspernatur occaecati. Vero quia facere aut quae quas qui. Neque dicta voluptates sequi modi. Atque nihil iure soluta aspernatur illo. Consequuntur qui tempore enim ut.', 3, '2021-09-13 04:00:32', '2021-09-13 04:00:32'),
(101, 14, 'Marilie Murazik', 'Quae dolorem earum asperiores aut eligendi ea. Aut deleniti ratione voluptas repellendus repudiandae qui fugit at. Nihil ut modi tempora libero aut ipsum animi quam.', 0, '2021-09-13 04:00:32', '2021-09-13 04:00:32'),
(102, 15, 'Mya Marvin', 'Sunt et accusamus et voluptatibus est sit laboriosam. Eligendi incidunt sint qui veritatis eveniet quo. Nulla debitis ipsa quia corrupti et.', 4, '2021-09-13 04:00:32', '2021-09-13 04:00:32'),
(103, 18, 'Johnathon Johns PhD', 'Fugiat qui voluptas omnis ex tempore. Dignissimos nostrum numquam suscipit magni. Quibusdam debitis nulla sed deleniti et. Vero enim ut est dolor rem voluptate. In possimus qui excepturi sequi omnis architecto ut est.', 4, '2021-09-13 04:00:32', '2021-09-13 04:00:32'),
(104, 40, 'Vince Kulas II', 'Repellendus provident dolorum blanditiis sunt earum. Perferendis quia fugit molestias sed illum. Ea necessitatibus repudiandae iste quo vel laborum aut. Dolorum est aliquam iste voluptas magni est.', 2, '2021-09-13 04:00:32', '2021-09-13 04:00:32'),
(105, 12, 'Arnold Schiller', 'Quam ducimus beatae deserunt quo non aut dolores. Aspernatur minus est nesciunt. Enim debitis quaerat non enim. Et ut qui sit porro architecto.', 3, '2021-09-13 04:00:32', '2021-09-13 04:00:32'),
(106, 31, 'Nikko Pollich Sr.', 'Nisi ex architecto voluptas. Maiores iure autem error officia minus iste sit. Labore velit adipisci voluptas fugit et earum autem. Harum doloribus officia ipsa non ut maxime. Qui sint ducimus error est quod sed cumque.', 1, '2021-09-13 04:00:32', '2021-09-13 04:00:32'),
(107, 20, 'Mina O\'Hara IV', 'Sit cupiditate repudiandae dignissimos expedita. Sapiente placeat totam facere repudiandae distinctio voluptatibus tenetur. Voluptatem autem qui aliquam nesciunt a nam et. Quasi consequatur officiis molestiae ipsam nihil est.', 0, '2021-09-13 04:00:32', '2021-09-13 04:00:32'),
(108, 38, 'Mr. Mackenzie Wisoky', 'Nobis pariatur id deserunt corporis facere vitae accusamus. Aliquid tempora explicabo ullam laboriosam sed. Eligendi soluta facilis voluptas quos eaque officia quibusdam. Exercitationem quia soluta debitis.', 0, '2021-09-13 04:00:32', '2021-09-13 04:00:32'),
(109, 41, 'Effie Kihn', 'Voluptatem ea veniam soluta quibusdam quisquam beatae perferendis. Magni vero et sed nemo porro aut odio. Et cumque aut eaque saepe libero quia omnis voluptatem. Magni et esse officiis earum.', 1, '2021-09-13 04:00:32', '2021-09-13 04:00:32'),
(110, 47, 'Kathlyn Hill', 'Eos nulla tempora quos modi sed dolor earum. Impedit eius aliquam voluptatibus blanditiis et numquam itaque. Velit quasi a eaque dolore rerum deleniti atque. Maxime doloremque dolorem repellat voluptates totam.', 3, '2021-09-13 04:00:32', '2021-09-13 04:00:32'),
(111, 47, 'Mr. Joan Larson V', 'Quia consequatur dolor qui iste corporis laborum. Corrupti esse enim sit tenetur.', 3, '2021-09-13 04:00:32', '2021-09-13 04:00:32'),
(112, 32, 'Nia Bashirian', 'Saepe ut voluptatem voluptatem officiis nulla corporis et. Dignissimos pariatur ea voluptatem itaque. Dolorem rerum aspernatur tempore. Iure fugiat consectetur vitae labore eum dolore eum.', 4, '2021-09-13 04:00:32', '2021-09-13 04:00:32'),
(113, 47, 'Miss Phyllis Kshlerin', 'Sunt reiciendis recusandae laboriosam maxime fugit sunt quia. Nemo commodi expedita voluptatem nihil molestiae quod rerum. Sit enim aspernatur similique ipsam ullam voluptates et.', 5, '2021-09-13 04:00:33', '2021-09-13 04:00:33'),
(114, 39, 'Summer Bode', 'Ab sunt quidem voluptatibus et rerum rerum. Sunt delectus voluptatem quas magni quo sed. Vel vero laborum voluptatem. Atque placeat quos impedit aspernatur alias.', 4, '2021-09-13 04:00:33', '2021-09-13 04:00:33'),
(115, 23, 'Dr. Shany Morar II', 'Veniam commodi sit perferendis. Modi molestiae incidunt molestiae voluptatem. Quidem commodi consequatur beatae ipsa.', 0, '2021-09-13 04:00:33', '2021-09-13 04:00:33'),
(116, 24, 'Danielle Bashirian', 'Dignissimos at quod blanditiis eligendi deleniti eligendi quo. Sequi reiciendis quam autem est. Sint quo veniam qui.', 4, '2021-09-13 04:00:33', '2021-09-13 04:00:33'),
(117, 50, 'Wilbert Schroeder', 'Totam sunt vel eum incidunt est molestiae. Voluptatibus voluptatibus rerum sequi voluptatibus. Alias perferendis et dicta optio cupiditate qui et pariatur.', 2, '2021-09-13 04:00:33', '2021-09-13 04:00:33'),
(118, 5, 'Hershel Bednar IV', 'Sit natus consequatur enim rerum repellat amet. Omnis ullam repudiandae aut praesentium magni dolorum. Similique rerum ut non dolores libero in placeat.', 2, '2021-09-13 04:00:33', '2021-09-13 04:00:33'),
(119, 19, 'Amie Gerhold', 'Error numquam minima esse. Error minus doloremque cumque animi labore dolorem.', 0, '2021-09-13 04:00:33', '2021-09-13 04:00:33'),
(120, 31, 'Ms. Cleora Block', 'Est voluptas dolores quia nam voluptate fuga et omnis. Eum recusandae et repudiandae nam consectetur.', 0, '2021-09-13 04:00:33', '2021-09-13 04:00:33'),
(121, 25, 'Prof. Hermina Schroeder II', 'Rerum voluptatem cumque nesciunt animi. Iure commodi rerum ut inventore eos.', 4, '2021-09-13 04:00:33', '2021-09-13 04:00:33'),
(122, 2, 'Cory Jacobs Jr.', 'Et qui adipisci at eveniet beatae. Beatae dolorem mollitia facere sapiente eum accusamus. A aut numquam illo aut illum. Id dolorem totam et accusantium ea laboriosam iusto.', 3, '2021-09-13 04:00:33', '2021-09-13 04:00:33'),
(123, 31, 'Prof. Adrien Metz', 'Ut adipisci vero aut placeat suscipit nesciunt facilis. Dolores repellendus mollitia cum consequatur aliquam ut. Consequatur excepturi beatae modi et.', 0, '2021-09-13 04:00:33', '2021-09-13 04:00:33'),
(124, 49, 'Vicente Bashirian', 'Ut aliquam quam perspiciatis sit eveniet inventore aut corrupti. Ut ad dicta modi voluptatem est. Soluta consequatur minima reprehenderit molestiae repudiandae qui voluptatem totam.', 4, '2021-09-13 04:00:33', '2021-09-13 04:00:33'),
(125, 25, 'Dr. Eduardo DuBuque', 'Consequatur ab omnis ea similique quibusdam est. Dolor eius et sed eos earum ut. Sed perspiciatis labore aut soluta commodi eveniet. Unde optio ex consequatur quibusdam et provident placeat.', 0, '2021-09-13 04:00:33', '2021-09-13 04:00:33'),
(126, 11, 'Dr. Lora Hodkiewicz', 'Corporis ipsa maiores maiores harum. Minima omnis blanditiis consequatur. Non perferendis ipsa fugiat totam enim dicta voluptatem provident. Impedit architecto suscipit delectus asperiores molestiae saepe nesciunt. Aspernatur cupiditate ex temporibus labore consectetur veniam eum praesentium.', 0, '2021-09-13 04:00:33', '2021-09-13 04:00:33'),
(127, 30, 'Kenny Monahan', 'Sunt ipsam architecto et iusto qui. Pariatur est quidem eveniet sequi. Ea distinctio dolores laborum consequuntur omnis aut. Modi aut vel quis labore magnam nemo rem.', 2, '2021-09-13 04:00:33', '2021-09-13 04:00:33'),
(128, 34, 'Dr. Kacie Kerluke III', 'Earum quo consequatur quis corporis quia qui. Et adipisci enim dignissimos. Veritatis optio vitae est rerum ut dolore assumenda. Ipsum perspiciatis alias ut ullam maxime.', 2, '2021-09-13 04:00:33', '2021-09-13 04:00:33'),
(129, 43, 'Aliza Lowe', 'Eveniet aut cum est velit tenetur facere. Et blanditiis ut sit ut qui fugit. Delectus unde et natus mollitia. Vitae dolores magni et fugiat maxime quis facilis.', 3, '2021-09-13 04:00:33', '2021-09-13 04:00:33'),
(130, 2, 'Ceasar Luettgen', 'Harum est quia id modi quo voluptatem in voluptatem. Deserunt itaque consequatur aut dicta a possimus eum. Architecto sequi aut sit aut quam. Sapiente et sed et iusto eos.', 5, '2021-09-13 04:00:33', '2021-09-13 04:00:33'),
(131, 49, 'Marquise Hodkiewicz', 'Ea at et vel et suscipit perferendis quaerat et. Delectus labore architecto quasi nesciunt aut id.', 2, '2021-09-13 04:00:34', '2021-09-13 04:00:34'),
(132, 39, 'Eden Runolfsson', 'Esse non consequuntur vel. Ex cupiditate veritatis quis commodi amet dignissimos rem. Voluptatem et exercitationem tempore quia porro non id. Et et soluta ducimus vero nisi dicta.', 3, '2021-09-13 04:00:34', '2021-09-13 04:00:34'),
(133, 4, 'Rhea Parisian', 'Odit totam quia qui voluptas dicta non et. Ab tempora alias harum quia temporibus aut neque. Quo est necessitatibus ea eos laudantium natus et. Nihil placeat quia quaerat qui.', 4, '2021-09-13 04:00:34', '2021-09-13 04:00:34'),
(134, 25, 'Prof. Paul Klein', 'Placeat qui magni quos perferendis omnis id provident. Vitae ipsa provident sunt molestiae quia. Alias et ea nam cum soluta qui.', 3, '2021-09-13 04:00:34', '2021-09-13 04:00:34'),
(135, 1, 'Carmelo Beier', 'Inventore aut neque sunt veritatis illum earum illo. Nulla velit voluptatem sunt aperiam voluptas atque. Est sequi repellat pariatur repudiandae. Iure magnam minima accusantium magnam.', 4, '2021-09-13 04:00:34', '2021-09-13 04:00:34'),
(136, 14, 'Prof. Sydney Nikolaus', 'Culpa dolorem eos nihil aut soluta enim est. Perspiciatis ut amet necessitatibus. Perferendis velit aut iure consectetur quia qui necessitatibus tempora. Consectetur consequuntur perferendis eaque molestiae dicta rerum deleniti.', 2, '2021-09-13 04:00:34', '2021-09-13 04:00:34'),
(137, 44, 'Therese Donnelly', 'Expedita optio aut sint dolor. Et magni odio rem corporis et vel eius. Et optio odio molestias modi.', 4, '2021-09-13 04:00:34', '2021-09-13 04:00:34'),
(138, 5, 'Anthony Schmitt', 'Aut ducimus maxime illo omnis dignissimos. Voluptatem quia cupiditate ea aliquid eos. Aut nemo sit asperiores enim illo.', 4, '2021-09-13 04:00:34', '2021-09-13 04:00:34'),
(139, 13, 'Mrs. Margaretta Schoen Jr.', 'Sequi dolorem cum id. Et illo minima nobis ipsam praesentium. Quos vero voluptas dolor eos ex. Tenetur consectetur voluptatem atque.', 5, '2021-09-13 04:00:34', '2021-09-13 04:00:34'),
(140, 39, 'Monroe Brekke', 'Eos earum quisquam quia soluta autem. Et non maxime odit. Facilis voluptatibus reiciendis magni amet sit repellat ratione. Sed numquam voluptatibus placeat ratione deserunt magnam. Voluptates sed ullam est consequatur voluptas.', 5, '2021-09-13 04:00:34', '2021-09-13 04:00:34'),
(141, 39, 'Aliya Goldner', 'Deserunt cupiditate nisi et officiis modi dolorum. Quod inventore facilis magnam vitae. Eaque consequatur est et enim vel sed quisquam. Minima delectus dolore laborum aliquam.', 4, '2021-09-13 04:00:34', '2021-09-13 04:00:34'),
(142, 19, 'Prof. Derick Metz V', 'Harum consequatur accusamus dignissimos cumque non iste. Sit facilis quam distinctio nihil qui. Dolore accusamus inventore quidem quia quidem commodi. Totam quos distinctio quia sint.', 3, '2021-09-13 04:00:34', '2021-09-13 04:00:34'),
(143, 9, 'Miss Gracie Roob', 'Quas cupiditate assumenda id dolorem nostrum perspiciatis cumque. Accusamus qui eum dolores omnis. Saepe eveniet in cumque non sit possimus.', 3, '2021-09-13 04:00:35', '2021-09-13 04:00:35'),
(144, 8, 'Prof. Jewel Kuhic PhD', 'Ea enim consequuntur suscipit quisquam. Qui inventore laudantium aperiam iusto veritatis maxime maiores. Maxime vel dolor soluta explicabo temporibus. Inventore sed corporis autem non unde ut cupiditate sed.', 4, '2021-09-13 04:00:35', '2021-09-13 04:00:35'),
(145, 32, 'Zackary Kessler', 'Officiis perferendis ea voluptas animi occaecati mollitia. Et sit porro architecto possimus numquam. Ipsum velit saepe voluptates quibusdam unde delectus ut. Recusandae perspiciatis temporibus velit quidem ipsum.', 4, '2021-09-13 04:00:35', '2021-09-13 04:00:35'),
(146, 2, 'Zaria Jenkins', 'Exercitationem repellendus porro autem. Cupiditate id saepe est ipsum repudiandae. Sapiente dolor ad vel laborum tempora. Recusandae nisi rem et natus perferendis.', 0, '2021-09-13 04:00:35', '2021-09-13 04:00:35'),
(147, 41, 'Prof. Timmy Balistreri', 'Maxime autem ea a magni qui doloremque. Quod facilis earum aut corrupti fugit est aut accusamus. Numquam natus ut rerum quas eius velit illo.', 3, '2021-09-13 04:00:35', '2021-09-13 04:00:35'),
(148, 22, 'Arlene Veum V', 'Ipsam dolor fugiat repellendus ad ea atque. Laudantium libero qui eligendi sit modi. Adipisci ipsa modi voluptatem velit maiores omnis tenetur.', 0, '2021-09-13 04:00:35', '2021-09-13 04:00:35'),
(149, 19, 'Shayne Pouros', 'Est ea aut at voluptatem voluptas illum. Molestiae culpa minima omnis deleniti. Aut qui iusto facilis tenetur reprehenderit sunt id esse.', 5, '2021-09-13 04:00:35', '2021-09-13 04:00:35'),
(150, 22, 'Cory Tromp', 'Illum cupiditate enim labore perferendis. Eum ut ipsa earum esse non eius modi amet. Velit voluptatem necessitatibus voluptatibus temporibus vitae.', 3, '2021-09-13 04:00:35', '2021-09-13 04:00:35'),
(151, 36, 'Hertha Bayer DDS', 'Consequatur rerum ipsa quis rerum deleniti. Delectus quasi nulla necessitatibus voluptatem ipsa nam adipisci. Nesciunt omnis in iure consequuntur omnis doloribus dolorum. Eaque quia et deserunt nesciunt dolorem.', 0, '2021-09-13 04:00:35', '2021-09-13 04:00:35'),
(152, 12, 'Tom Jacobson', 'Quo odio qui sit assumenda aut sapiente iste. Qui animi tempore corrupti tempore voluptas iure illum. Dolorem ut possimus error dolor. Ipsum veritatis et praesentium sequi laudantium non.', 0, '2021-09-13 04:00:35', '2021-09-13 04:00:35'),
(153, 35, 'Jabari Christiansen', 'Quis dolor qui a. Veritatis nemo voluptatem sequi eum culpa nulla molestias. Ab facere consequatur modi est consequatur.', 2, '2021-09-13 04:00:35', '2021-09-13 04:00:35'),
(154, 7, 'Lew Kirlin DVM', 'Reiciendis voluptatem nihil mollitia provident quia et ut. Qui sit quia magni et ratione molestiae ea. Consequuntur iusto error assumenda temporibus ad quis nihil.', 4, '2021-09-13 04:00:35', '2021-09-13 04:00:35'),
(155, 33, 'Shane Rippin', 'Et itaque qui dolor et odit et maxime. Quia perferendis eos ipsa odit quaerat adipisci. Rerum nobis perferendis ab libero voluptas voluptatem voluptatem.', 2, '2021-09-13 04:00:35', '2021-09-13 04:00:35'),
(156, 46, 'Mrs. Andreanne Wilkinson', 'Et suscipit possimus quaerat debitis et aspernatur. Ullam nemo dolor modi adipisci corporis tenetur. Ex sint omnis doloremque rem maxime.', 5, '2021-09-13 04:00:35', '2021-09-13 04:00:35'),
(157, 46, 'Jarred Nolan', 'Aut rerum ullam doloremque dolores laboriosam possimus. Quae impedit eveniet non. Delectus cum enim sequi aut rerum minus alias.', 4, '2021-09-13 04:00:35', '2021-09-13 04:00:35'),
(158, 39, 'Miss Cordia Smith III', 'Velit hic omnis voluptate voluptatem non ipsam rerum. Ipsam at perspiciatis aut minima aliquid asperiores ratione. Dicta et voluptates debitis laborum occaecati ut. Et cum unde eveniet porro magnam dolorem.', 2, '2021-09-13 04:00:35', '2021-09-13 04:00:35'),
(159, 1, 'Ophelia Littel', 'Eligendi incidunt cupiditate mollitia ipsum similique eligendi. Nulla reprehenderit occaecati in illo.', 4, '2021-09-13 04:00:35', '2021-09-13 04:00:35'),
(160, 29, 'Dr. Noel Predovic II', 'Sunt facere explicabo distinctio placeat nisi dicta et dolores. Qui enim dolorem consequatur qui. Quisquam mollitia totam quia aperiam impedit omnis doloremque.', 4, '2021-09-13 04:00:35', '2021-09-13 04:00:35'),
(161, 46, 'Ms. Hollie Willms', 'Iste corrupti neque consectetur omnis dolores qui. Ipsum voluptas quia voluptas quis quisquam. Unde in est eaque amet doloremque et. Cumque architecto harum ut est pariatur natus deserunt. Reiciendis consequatur velit rerum non.', 2, '2021-09-13 04:00:35', '2021-09-13 04:00:35'),
(162, 12, 'Jude Hermann', 'In veniam quae voluptatem enim. Qui tempora sint placeat similique dolores voluptas nulla quis. Autem impedit perferendis omnis ut ea labore. Minima illum consectetur voluptatem eius dolore et.', 3, '2021-09-13 04:00:36', '2021-09-13 04:00:36'),
(163, 7, 'Mrs. Jaqueline Labadie Sr.', 'A consequatur fugiat totam esse et nemo. Tempora modi ullam non dicta ut aut. Quidem magni aut veniam eos blanditiis quas consequatur. Maiores nemo qui ex at.', 0, '2021-09-13 04:00:36', '2021-09-13 04:00:36'),
(164, 5, 'Adelia Lemke', 'Consequatur mollitia est omnis nihil expedita corporis. Est et cum eius nihil ullam. Velit deserunt aliquam et nemo aperiam sapiente. Repudiandae dignissimos est autem odio.', 0, '2021-09-13 04:00:36', '2021-09-13 04:00:36'),
(165, 2, 'Erich Swaniawski', 'Ut rem esse et beatae quo omnis aliquam. Iste est iste minus. Qui at et eligendi voluptas. Iste consequatur consectetur fugiat.', 3, '2021-09-13 04:00:36', '2021-09-13 04:00:36'),
(166, 36, 'Madie Kshlerin', 'Quod aut quia et est a omnis maiores. Dolorem laborum quae cumque voluptas. Saepe sed rerum deserunt eaque. Repellat est soluta soluta animi.', 1, '2021-09-13 04:00:36', '2021-09-13 04:00:36'),
(167, 11, 'Prof. Margarette Collier', 'Pariatur vel occaecati quisquam deserunt commodi. Rerum vel quos excepturi qui quae.', 1, '2021-09-13 04:00:36', '2021-09-13 04:00:36'),
(168, 3, 'Katarina Buckridge PhD', 'Ipsum autem praesentium quia vero est. Quam ratione hic sit esse ducimus voluptate et. Error atque laboriosam voluptate fuga dolore aut.', 3, '2021-09-13 04:00:36', '2021-09-13 04:00:36'),
(169, 40, 'Miss Odessa Halvorson', 'Atque aut est sit unde voluptas. Aut mollitia inventore voluptatem consectetur tempora delectus. Vitae quo soluta et distinctio ut placeat. Nesciunt minus eum debitis alias.', 0, '2021-09-13 04:00:36', '2021-09-13 04:00:36'),
(170, 2, 'Cornell Cormier', 'Itaque eveniet perferendis et. Voluptatem est odio quis placeat. Dolores cumque ut dolore dolorem neque voluptatum corporis deleniti. Facilis voluptatibus est doloremque expedita quam maiores non.', 4, '2021-09-13 04:00:36', '2021-09-13 04:00:36'),
(171, 24, 'Dr. Milford Aufderhar', 'Magnam ab ut non voluptate delectus maxime sit. Maiores ut qui hic consectetur et temporibus reiciendis. Est est reprehenderit suscipit sapiente officiis accusantium distinctio.', 2, '2021-09-13 04:00:36', '2021-09-13 04:00:36'),
(172, 27, 'Prof. Nikko Fay', 'Voluptas consequuntur dicta laboriosam et asperiores recusandae quis. Natus distinctio nihil quo ipsum et. Tempora nobis dignissimos harum illum quia veritatis.', 0, '2021-09-13 04:00:36', '2021-09-13 04:00:36'),
(173, 3, 'Dr. George Altenwerth III', 'Est libero est accusantium aut placeat laboriosam quaerat. Corrupti a adipisci voluptas recusandae. Totam aut hic odit. Dolor architecto mollitia est est nulla. Qui nostrum dolor voluptatem sit dignissimos placeat.', 1, '2021-09-13 04:00:36', '2021-09-13 04:00:36'),
(174, 31, 'Otha Collins', 'Adipisci perspiciatis aut quo modi quas deleniti dolorem. Ea et rerum modi sunt saepe. Quo alias nostrum vero et deserunt voluptatem qui temporibus. Dolorem unde et et ullam minus.', 4, '2021-09-13 04:00:36', '2021-09-13 04:00:36'),
(175, 36, 'Annabel Haag V', 'Perspiciatis aspernatur voluptatum dignissimos dicta dolor numquam. Nulla ut explicabo sed aperiam. Velit molestiae sunt inventore blanditiis perferendis molestias.', 1, '2021-09-13 04:00:36', '2021-09-13 04:00:36'),
(176, 32, 'Ms. Tess Senger', 'Unde enim omnis neque laudantium aspernatur molestias et. Rem delectus numquam esse labore eveniet blanditiis. Et aut molestiae eius vitae quibusdam ad reprehenderit. Totam commodi quia omnis.', 0, '2021-09-13 04:00:36', '2021-09-13 04:00:36'),
(177, 12, 'Prof. Jaylan Boehm Jr.', 'Aut minima est perspiciatis nemo numquam nulla omnis. Sint qui voluptas neque fuga nisi vel. Consequuntur ducimus eveniet recusandae et illo sequi ut. Molestiae aut error mollitia est.', 0, '2021-09-13 04:00:36', '2021-09-13 04:00:36'),
(178, 34, 'Mr. Shad Farrell', 'Velit ipsam molestias perspiciatis eos ab vitae voluptatem. Quasi facere voluptas omnis ut. Et odit deleniti dolore repudiandae quos. Consequuntur corrupti numquam inventore.', 1, '2021-09-13 04:00:36', '2021-09-13 04:00:36'),
(179, 12, 'Velma Powlowski', 'Est dolorem nihil sint quia ad natus. Neque ea dolorum tempora id possimus. Aut aut nihil magni minus praesentium exercitationem fugiat.', 2, '2021-09-13 04:00:36', '2021-09-13 04:00:36'),
(180, 35, 'Idella Feil', 'Accusamus nisi eos et quibusdam quo consequatur. Necessitatibus qui quae dolorum doloremque. Explicabo iste necessitatibus reiciendis ullam nisi illo.', 2, '2021-09-13 04:00:37', '2021-09-13 04:00:37'),
(181, 43, 'Prof. Alda Toy DVM', 'Et atque nesciunt esse voluptates. Occaecati ipsa libero et assumenda autem voluptas. Ea magni quo asperiores. Quisquam enim magnam qui quo dicta fugit nihil commodi.', 0, '2021-09-13 04:00:37', '2021-09-13 04:00:37'),
(182, 9, 'Jeanette Lockman', 'Architecto itaque impedit rerum quia quod officia ut corporis. Minima nobis enim in in.', 4, '2021-09-13 04:00:37', '2021-09-13 04:00:37'),
(183, 37, 'Miss Pascale Mayer', 'Cumque animi molestias incidunt molestiae quisquam. Iste vero animi qui ad delectus ea quas. Quis dignissimos temporibus vel in voluptatem rem.', 0, '2021-09-13 04:00:37', '2021-09-13 04:00:37'),
(184, 39, 'Mallory Mayert', 'Quo ut tempora officia eveniet. Ut et labore esse quia dolores. Voluptatem ipsa quia voluptas facere maiores numquam. Soluta et et sint ut et eligendi sunt voluptates. Eum omnis tenetur voluptates.', 2, '2021-09-13 04:00:37', '2021-09-13 04:00:37'),
(185, 23, 'Graciela Wuckert', 'Voluptatem dolor quos rerum laboriosam maxime. Aut est vel id. Inventore doloribus inventore aperiam temporibus.', 5, '2021-09-13 04:00:37', '2021-09-13 04:00:37'),
(186, 17, 'Rita Ankunding', 'Corporis vel autem aspernatur odio. Sit sed consequatur earum hic.', 5, '2021-09-13 04:00:37', '2021-09-13 04:00:37'),
(187, 32, 'Darrel O\'Conner', 'Soluta reiciendis voluptatibus quia est blanditiis fugiat impedit qui. Dignissimos quam hic facilis. Ut nisi inventore reiciendis deleniti.', 3, '2021-09-13 04:00:37', '2021-09-13 04:00:37'),
(188, 48, 'Miss Neha McDermott I', 'Quis sed velit dolorem nobis necessitatibus quis. Maxime voluptas quo sed quia laborum et commodi reprehenderit. Nesciunt neque ullam cupiditate amet recusandae recusandae. Sit perferendis quas perferendis modi omnis.', 5, '2021-09-13 04:00:37', '2021-09-13 04:00:37'),
(189, 34, 'Ms. Lois Hettinger DDS', 'Nihil nihil qui iste rerum. Voluptatum non et mollitia repudiandae dolores id. Facere molestiae saepe quasi ut cum voluptatem dolor. Facilis aut delectus eveniet molestias.', 1, '2021-09-13 04:00:37', '2021-09-13 04:00:37'),
(190, 49, 'Mr. Gerald Heathcote Sr.', 'Labore eius sed et aut. Recusandae incidunt sunt magnam quod. Et beatae ipsum debitis vel vero est. Sed nam aut quis.', 5, '2021-09-13 04:00:37', '2021-09-13 04:00:37'),
(191, 11, 'Modesta Swaniawski', 'Libero nisi dolorum provident error voluptates enim aliquam illum. Aut amet aut praesentium est. Autem vel qui quae blanditiis in.', 3, '2021-09-13 04:00:37', '2021-09-13 04:00:37'),
(192, 9, 'Nathaniel Cummings', 'Reiciendis ut occaecati omnis id. Ab quo nemo ad. Doloremque porro quod commodi ea omnis voluptas. Doloribus suscipit est hic debitis quam repudiandae. Consequatur cupiditate necessitatibus blanditiis nobis velit quis.', 4, '2021-09-13 04:00:37', '2021-09-13 04:00:37'),
(193, 28, 'Danielle Parisian DVM', 'Eos ea quasi omnis reprehenderit autem ratione quas. Odio libero sit aut quo nulla soluta dolorum. Dicta nesciunt qui sed atque molestias officia. Ut minus ab eligendi.', 0, '2021-09-13 04:00:37', '2021-09-13 04:00:37'),
(194, 21, 'Anabelle Will', 'Incidunt placeat qui repellendus laborum natus. Mollitia rerum eum unde et. Sed ut sint commodi ut.', 5, '2021-09-13 04:00:37', '2021-09-13 04:00:37'),
(195, 20, 'Miss Maureen Lindgren I', 'Earum sequi nihil aut excepturi voluptatum eos debitis. Quam totam consequuntur ducimus debitis eum. Qui sit eos minus rerum voluptas fugiat. Asperiores consequuntur officia eius fuga qui.', 5, '2021-09-13 04:00:37', '2021-09-13 04:00:37'),
(196, 23, 'Elna Daugherty', 'Et sint sint aut. Ullam non voluptatem esse id. Magnam cupiditate totam sed ut omnis omnis rerum. Dolore quasi tempore sequi sint et ut doloremque. Ea omnis laboriosam rerum magnam accusantium sit qui.', 5, '2021-09-13 04:00:37', '2021-09-13 04:00:37'),
(197, 49, 'Martina Kshlerin', 'Vel nulla illo dolor labore cupiditate corporis ut. Corporis numquam possimus sequi quia necessitatibus. Eum perferendis ut ut optio corrupti perspiciatis.', 5, '2021-09-13 04:00:37', '2021-09-13 04:00:37'),
(198, 8, 'Mr. Misael Zulauf IV', 'Non sit alias officia quo ea et iusto. Doloremque suscipit adipisci veritatis consequatur repudiandae quaerat. Numquam ut est deleniti dolor est aut. Consectetur autem est tempore odio facere qui quisquam.', 2, '2021-09-13 04:00:37', '2021-09-13 04:00:37'),
(199, 25, 'Dr. Willis Trantow', 'In est ducimus ut illo. Debitis et non dignissimos maxime et vel.', 1, '2021-09-13 04:00:37', '2021-09-13 04:00:37'),
(200, 43, 'Gilda Smitham', 'Reiciendis quis nostrum similique quia. Voluptates cupiditate quaerat iure et. Nesciunt qui sed qui doloremque voluptate sit corrupti. Quos inventore distinctio vel voluptatem sit.', 1, '2021-09-13 04:00:37', '2021-09-13 04:00:37'),
(201, 7, 'Jaylan Tromp', 'Exercitationem necessitatibus harum minus facere omnis voluptatum nobis. Fugiat autem quo animi occaecati atque eum sunt. Sint non non rerum eum provident ipsam.', 2, '2021-09-13 04:00:38', '2021-09-13 04:00:38'),
(202, 5, 'Prof. Willard Hauck', 'Eligendi repudiandae natus eligendi eaque illum. Veniam repudiandae velit quia mollitia ab animi. Minima libero esse voluptate sit non pariatur. Sed id molestias quod perferendis.', 3, '2021-09-13 04:00:38', '2021-09-13 04:00:38'),
(203, 47, 'Prof. Laverne Orn II', 'Fugit neque aliquid deserunt et enim. Voluptatem pariatur possimus consequatur unde non. At sit rerum recusandae accusamus ea. Hic est non et fuga et.', 3, '2021-09-13 04:00:38', '2021-09-13 04:00:38'),
(204, 30, 'Prof. Cecilia Carroll', 'Beatae eum qui repellendus ut suscipit exercitationem dolorem repudiandae. Voluptatibus doloribus consequatur non. Dignissimos aut nam omnis.', 4, '2021-09-13 04:00:38', '2021-09-13 04:00:38'),
(205, 25, 'Kathlyn Hickle', 'Vel id quia consectetur molestiae est quia. Omnis officiis vel maiores accusantium id sunt. Qui numquam id beatae porro corrupti quae. Laudantium perferendis odio nulla porro sit eum. Vitae repellat ab officiis sint laborum minus explicabo.', 3, '2021-09-13 04:00:38', '2021-09-13 04:00:38'),
(206, 6, 'Alisa Corwin', 'Qui perferendis esse quo ratione reiciendis omnis impedit. Animi quaerat fugit est cum sit voluptates sit. Et inventore eum et dolor et dolor.', 4, '2021-09-13 04:00:38', '2021-09-13 04:00:38'),
(207, 45, 'Kobe Kozey', 'Ut placeat qui minus iste sit numquam qui fuga. Illum illo aut nam illo velit. Qui corrupti doloremque modi pariatur impedit esse.', 1, '2021-09-13 04:00:38', '2021-09-13 04:00:38'),
(208, 1, 'Deon McClure', 'Cum et sapiente ea quas sapiente quam qui iusto. Et corrupti veritatis eos autem quia deleniti et. Et exercitationem voluptatibus fuga repellat.', 3, '2021-09-13 04:00:38', '2021-09-13 04:00:38');
INSERT INTO `reviews` (`id`, `product_id`, `customer`, `review`, `star`, `created_at`, `updated_at`) VALUES
(209, 2, 'Pearl Davis', 'Unde officiis nihil vitae soluta porro. Sed impedit odio harum doloremque esse vel consequatur. Aut reprehenderit voluptatem aliquid incidunt consequatur. Sint ut et repellendus blanditiis. Nihil iusto veniam qui quia.', 5, '2021-09-13 04:00:38', '2021-09-13 04:00:38'),
(210, 13, 'Ms. Josiane Bogan', 'Et est iure consequatur odio esse in. Aliquam ut commodi ut. Accusamus debitis velit cum voluptatibus ipsa nobis iste dicta. Quidem quidem culpa saepe molestiae.', 3, '2021-09-13 04:00:38', '2021-09-13 04:00:38'),
(211, 7, 'Griffin Schultz', 'Voluptatem velit atque officiis sit ut voluptas consectetur. Minima eum ea aut quod tempora et reiciendis. Fugit sapiente veritatis debitis officia. Culpa et ut rerum.', 2, '2021-09-13 04:00:38', '2021-09-13 04:00:38'),
(212, 3, 'Dr. Gladys Ward V', 'Sunt eos omnis corporis cum dolores. Incidunt magnam voluptatem quia soluta et id. Ducimus omnis veritatis quisquam omnis qui ad. Illum quia assumenda vitae quia.', 3, '2021-09-13 04:00:38', '2021-09-13 04:00:38'),
(213, 1, 'Miss Pearlie Schinner DDS', 'Illo repudiandae iusto quia debitis dignissimos et. Commodi quis aut ipsa rerum id. Aliquam et qui quibusdam tempora voluptatum corrupti. Minima provident est ut voluptatibus qui.', 3, '2021-09-13 04:00:38', '2021-09-13 04:00:38'),
(214, 42, 'Marco Ebert', 'Expedita autem sit aliquam qui provident consectetur occaecati. Eum dolorem ipsam possimus unde iste officia. Dicta ad id consectetur quo nemo alias. Iste facere facilis ducimus ipsum quidem et dolores. Non accusamus accusamus dicta earum illum et accusantium.', 5, '2021-09-13 04:00:38', '2021-09-13 04:00:38'),
(215, 10, 'Prof. Porter Brown IV', 'Et ducimus facilis alias sed. Debitis qui qui aut optio voluptas.', 0, '2021-09-13 04:00:38', '2021-09-13 04:00:38'),
(216, 45, 'Ms. Nyasia Jerde MD', 'Voluptatum eos aut exercitationem qui voluptates ut minus impedit. Saepe et atque et numquam ut reiciendis. Aspernatur ipsum quia perspiciatis autem dolor quia.', 0, '2021-09-13 04:00:38', '2021-09-13 04:00:38'),
(217, 34, 'Dr. May Marks', 'Voluptatem non ut optio est veniam. Debitis aspernatur eos a iusto minus et. Dolores corrupti dolores quia. Ut quod veniam quaerat voluptatem eos itaque totam. Nam voluptatem iste quam sunt eveniet.', 0, '2021-09-13 04:00:38', '2021-09-13 04:00:38'),
(218, 39, 'Dr. Hailie Mosciski', 'Quibusdam voluptate quia odit quo consequatur laboriosam. Ut hic tenetur voluptatem officiis officiis itaque quo. Impedit consectetur culpa occaecati et quia. Repellat expedita dolores occaecati repudiandae voluptas ea expedita.', 2, '2021-09-13 04:00:38', '2021-09-13 04:00:38'),
(219, 50, 'Karen Kessler', 'Quis quibusdam sit dicta assumenda eius. Autem totam beatae quisquam. Soluta rerum quia commodi voluptatum doloremque. Rerum qui unde fugit consequatur itaque.', 1, '2021-09-13 04:00:38', '2021-09-13 04:00:38'),
(220, 41, 'Miss Shanie Streich I', 'Similique perferendis laboriosam est. Corporis qui est nihil et quia veritatis. Dolor ipsam repellat quam quis id ea dolorem. Quaerat non quidem qui labore aut tempora ducimus in.', 5, '2021-09-13 04:00:39', '2021-09-13 04:00:39'),
(221, 33, 'Marcelina Olson IV', 'Commodi quae consectetur amet eaque. Est aut beatae nisi veritatis. Mollitia ea optio sapiente ipsa. Consequuntur dolores quia aliquam in ea.', 3, '2021-09-13 04:00:39', '2021-09-13 04:00:39'),
(222, 36, 'Prof. Angelo Spinka', 'Tenetur totam necessitatibus explicabo debitis quo laboriosam eum. Iure voluptas ad nam hic autem corporis voluptatum. Corrupti cum voluptas et sit ipsum. Ab voluptatem occaecati neque vel omnis.', 1, '2021-09-13 04:00:39', '2021-09-13 04:00:39'),
(223, 34, 'Angelita Kutch', 'Quia omnis et aliquam explicabo et aliquid maxime. Sed quibusdam quia enim nobis perferendis et. Est libero totam nulla voluptas. Et alias ea ex alias recusandae minus.', 0, '2021-09-13 04:00:39', '2021-09-13 04:00:39'),
(224, 39, 'Prof. Alek Fisher', 'Cupiditate aut in animi illo ut velit. Officia dolore aut dolorem nihil. Recusandae similique minima modi excepturi ad quidem. Reiciendis vero eveniet excepturi ex omnis totam aut eligendi.', 1, '2021-09-13 04:00:39', '2021-09-13 04:00:39'),
(225, 29, 'Marianna Kulas', 'Ut facilis laboriosam tempora modi eius veniam ipsa. Aut minus iure nihil repellendus voluptatem qui exercitationem sed. Tempora voluptatem voluptate sed expedita earum et laboriosam.', 2, '2021-09-13 04:00:39', '2021-09-13 04:00:39'),
(226, 6, 'Damian Abernathy', 'Beatae eum nulla voluptas aut est. Unde eos temporibus veniam quas et beatae. Modi qui et doloremque et qui similique blanditiis. Consequuntur a similique in pariatur nulla beatae. Consequatur vero non suscipit doloribus sit aut voluptatem.', 5, '2021-09-13 04:00:39', '2021-09-13 04:00:39'),
(227, 43, 'Velma Keebler V', 'Sequi neque voluptatibus qui voluptatem asperiores. Aut temporibus ea sequi illum ut ea numquam. Quia quo voluptatem officia.', 5, '2021-09-13 04:00:39', '2021-09-13 04:00:39'),
(228, 2, 'Kolby Schaefer', 'Voluptatem nisi consequatur quia ratione. Recusandae aut deleniti blanditiis impedit. Deserunt velit accusamus cupiditate atque est impedit hic. Veniam ut quaerat repudiandae necessitatibus.', 5, '2021-09-13 04:00:39', '2021-09-13 04:00:39'),
(229, 43, 'Gilbert Hettinger', 'Reiciendis facilis iure consequatur sit provident. Ad dolores sed ut qui nulla nostrum minima. Libero sint quam nostrum quis. Natus aut eligendi sit qui doloremque illum praesentium. Id enim perspiciatis omnis temporibus ut ut.', 5, '2021-09-13 04:00:39', '2021-09-13 04:00:39'),
(230, 8, 'Dr. Talia Tromp', 'Sit voluptatem ex voluptate maiores. Eligendi temporibus sunt consequatur est dolores nisi. Animi rerum modi sed sequi et illum. Accusantium suscipit nulla porro perferendis.', 2, '2021-09-13 04:00:39', '2021-09-13 04:00:39'),
(231, 22, 'Zoe Goldner', 'Quasi voluptatem at dolor ex aut voluptatem. Ipsam nihil temporibus ut sunt. Vitae sapiente culpa quo est architecto. Ut amet quod placeat laboriosam laudantium. Et aut in rerum libero optio.', 3, '2021-09-13 04:00:39', '2021-09-13 04:00:39'),
(232, 33, 'Colten Flatley', 'Nam est enim dolor eaque veritatis aut eligendi. Corrupti sit impedit autem tempora accusamus reprehenderit. Libero autem ex excepturi dolores. Suscipit dolore necessitatibus ducimus temporibus et et assumenda.', 2, '2021-09-13 04:00:39', '2021-09-13 04:00:39'),
(233, 12, 'Jayce Christiansen', 'Et et deleniti repellendus. Ipsum et animi inventore aliquam itaque vel saepe. Aut non illum saepe culpa.', 2, '2021-09-13 04:00:39', '2021-09-13 04:00:39'),
(234, 32, 'Shayna Gusikowski', 'Omnis nihil ratione ex est vel animi qui molestiae. Cumque dolorum et sequi deleniti ratione at doloremque. Itaque qui omnis architecto dolor eligendi qui tempore.', 2, '2021-09-13 04:00:39', '2021-09-13 04:00:39'),
(235, 12, 'Miss Edna Howell V', 'Corrupti enim error id numquam eum exercitationem. Odit ipsam iure iusto sunt vel. Et autem repellat delectus vel quasi odio.', 5, '2021-09-13 04:00:39', '2021-09-13 04:00:39'),
(236, 8, 'Juliana Davis', 'Vel distinctio odio et debitis velit voluptatibus. Qui ducimus quod quas dolore et. Dolorem accusantium qui assumenda deleniti.', 1, '2021-09-13 04:00:39', '2021-09-13 04:00:39'),
(237, 15, 'Orlando Orn', 'Voluptate quisquam inventore nulla ex soluta. Nostrum non enim odit iste suscipit aut. Ut tempore sed sed rerum architecto exercitationem. Fugit earum et voluptas optio vel deserunt.', 4, '2021-09-13 04:00:39', '2021-09-13 04:00:39'),
(238, 22, 'Kianna Wintheiser', 'Nulla delectus repudiandae fugiat doloremque quaerat inventore. Quo qui saepe dolorem magnam suscipit. Ut assumenda velit ut inventore sit voluptatem.', 2, '2021-09-13 04:00:39', '2021-09-13 04:00:39'),
(239, 3, 'Elfrieda Cassin Jr.', 'Qui delectus et ad minus labore. Atque temporibus quaerat ut aliquid. Est placeat voluptatibus quaerat ad. Itaque soluta pariatur quo quas veniam saepe.', 1, '2021-09-13 04:00:39', '2021-09-13 04:00:39'),
(240, 32, 'Franz Hessel', 'Quo iusto vitae dicta sequi. Voluptates quasi alias tenetur ea consequatur aut. Sint sint non soluta. Aut dolores tempore voluptas et sunt.', 0, '2021-09-13 04:00:39', '2021-09-13 04:00:39'),
(241, 35, 'Darwin Wiza', 'Sint veniam velit est quas. Minima labore aperiam assumenda velit officiis ab. In voluptatum ut ipsum dolor doloremque tempore. Officiis ut eum id magni voluptas eligendi.', 2, '2021-09-13 04:00:40', '2021-09-13 04:00:40'),
(242, 4, 'Murl Legros', 'Consequuntur placeat aut non veniam sit. Architecto sit sint quidem aspernatur. Aliquid placeat id ipsum eum. Ad adipisci non pariatur voluptas quibusdam aut quod illo.', 4, '2021-09-13 04:00:40', '2021-09-13 04:00:40'),
(243, 35, 'Miss Janessa Dickens', 'Et sunt recusandae nam et explicabo sint. Magni labore officia veniam veritatis. Dicta recusandae velit qui nihil repellendus expedita temporibus.', 4, '2021-09-13 04:00:40', '2021-09-13 04:00:40'),
(244, 9, 'Lee Becker', 'Deleniti in ipsam molestias voluptatem autem cum quia. Ut consequuntur praesentium non qui vel hic. Ratione iste ut tempora officiis. Dolorem rerum nobis harum eius.', 0, '2021-09-13 04:00:40', '2021-09-13 04:00:40'),
(245, 48, 'Dr. Jammie Kohler IV', 'Quasi omnis aut reiciendis mollitia. Natus odit nemo exercitationem ullam. Numquam nihil velit non et quaerat.', 2, '2021-09-13 04:00:40', '2021-09-13 04:00:40'),
(246, 29, 'Gertrude Pacocha', 'Voluptas iusto eius ut consequatur distinctio beatae recusandae et. Aspernatur atque id quam. Quis tenetur eum expedita maiores et.', 1, '2021-09-13 04:00:40', '2021-09-13 04:00:40'),
(247, 21, 'Miss Genesis Nader Sr.', 'Error error dolor sed autem quam nesciunt. Sed qui accusamus mollitia debitis praesentium. Cupiditate ut ad perspiciatis quia hic. Eum magnam ullam dignissimos modi sunt optio.', 2, '2021-09-13 04:00:40', '2021-09-13 04:00:40'),
(248, 47, 'Prof. Rosella Brakus Jr.', 'Laborum quae tenetur temporibus doloribus excepturi in. Eos non sit voluptas. Voluptatem laudantium officia voluptas deleniti pariatur consequuntur architecto ipsa. Accusamus voluptatem neque facilis sequi.', 2, '2021-09-13 04:00:41', '2021-09-13 04:00:41'),
(249, 21, 'Felicity Morissette', 'Recusandae ut ut rerum laboriosam totam in qui. Quibusdam repellendus suscipit et sint dolorem ducimus eligendi ratione. Dolores assumenda sunt est est culpa. Commodi sit excepturi rem rem reiciendis non repellat. Non error quis quos vel.', 4, '2021-09-13 04:00:41', '2021-09-13 04:00:41'),
(250, 40, 'Jerrod Stokes', 'Debitis quia hic ex odit consequatur. Temporibus enim aut modi minima at eius. Nesciunt est veritatis et sit et omnis quidem aut. Quidem minus vel enim autem porro est ea.', 3, '2021-09-13 04:00:41', '2021-09-13 04:00:41'),
(251, 50, 'Sarina Durgan DDS', 'Dolor tenetur aut voluptas enim rem accusantium. Ut vel enim ut illo modi ea. Possimus corrupti facere recusandae et qui eius. Iusto unde consequatur ipsam ut pariatur.', 0, '2021-09-13 04:00:41', '2021-09-13 04:00:41'),
(252, 16, 'Miss Mandy Leffler', 'Dolores illum quo ducimus ea in. Omnis aut quibusdam ab magnam. Inventore quidem quisquam distinctio mollitia et voluptatem. Sed rem quisquam saepe deleniti sit eaque.', 4, '2021-09-13 04:00:41', '2021-09-13 04:00:41'),
(253, 50, 'Prof. Crystel Fadel', 'Voluptatem cumque dolor error quis dicta minus architecto. Omnis iure quaerat qui. Tempora quia perspiciatis perspiciatis porro natus. Et consequuntur sit velit molestiae totam totam.', 4, '2021-09-13 04:00:41', '2021-09-13 04:00:41'),
(254, 40, 'Garnett Corkery', 'Quis dolor aliquam dolor qui ipsam. Doloremque excepturi dolorum voluptatibus saepe. Error in qui officia consequatur sed voluptas debitis. Velit nesciunt blanditiis animi vitae et delectus ut.', 5, '2021-09-13 04:00:41', '2021-09-13 04:00:41'),
(255, 43, 'Alice Von', 'Nihil excepturi porro sit dolorem qui voluptas. Aut qui nam vel eos ut odio voluptas qui. Libero et suscipit temporibus ut.', 1, '2021-09-13 04:00:41', '2021-09-13 04:00:41'),
(256, 33, 'Ali Marquardt', 'Sint laboriosam ut harum et. Qui voluptatem voluptatem quaerat nihil a. Quidem sunt vitae nostrum beatae ipsum exercitationem accusantium.', 4, '2021-09-13 04:00:41', '2021-09-13 04:00:41'),
(257, 35, 'Marcel Lind', 'Nihil nihil quisquam fugiat vel. Aliquid unde quasi fuga facilis. Minus autem dolor ut. Quasi maiores quam omnis ea. Eaque necessitatibus amet maiores sed qui eum aliquam.', 1, '2021-09-13 04:00:41', '2021-09-13 04:00:41'),
(258, 12, 'Bobby Jones MD', 'Sit consequatur fugiat nisi veritatis. Quo ipsa totam esse quasi dolores aut autem cupiditate. Aut rerum eveniet veniam optio et tempore ut.', 5, '2021-09-13 04:00:41', '2021-09-13 04:00:41'),
(259, 34, 'Leo Sauer', 'Cupiditate eveniet quia cumque culpa ab magnam est. Et ipsa dolor ea in autem recusandae sint. Laborum hic sed at sunt quia distinctio accusamus ut.', 4, '2021-09-13 04:00:41', '2021-09-13 04:00:41'),
(260, 43, 'Stephon Skiles', 'Tempore fuga aut consequatur quibusdam quas. Doloribus eum qui voluptatum temporibus. Minima in vitae quia incidunt.', 2, '2021-09-13 04:00:41', '2021-09-13 04:00:41'),
(261, 49, 'Corrine Rippin IV', 'Ea deleniti quis dicta assumenda veritatis blanditiis consequuntur. Consequuntur nesciunt sed aperiam quod iusto ut aut. Ut quod hic iure vel excepturi et sit id.', 4, '2021-09-13 04:00:41', '2021-09-13 04:00:41'),
(262, 23, 'Sierra Osinski', 'Quia vel explicabo officia harum. Ea asperiores expedita natus et quia. Magni sequi omnis ut quia ipsa non velit.', 5, '2021-09-13 04:00:41', '2021-09-13 04:00:41'),
(263, 8, 'Birdie Feil III', 'Commodi laborum optio cupiditate qui magni recusandae. Rerum cumque illo dolore dignissimos placeat harum sed aperiam. Nihil nihil et maxime culpa at non eligendi. Voluptas deleniti ea est corporis dicta est consectetur.', 3, '2021-09-13 04:00:41', '2021-09-13 04:00:41'),
(264, 26, 'Prof. Jensen Koepp I', 'Ratione nisi ut eveniet incidunt omnis sed neque voluptas. Quae sit aut est cupiditate omnis quo cumque. Ad consequatur tempora repudiandae voluptas quis temporibus. Dolore et aspernatur voluptatum aut et.', 1, '2021-09-13 04:00:41', '2021-09-13 04:00:41'),
(265, 36, 'Eleanore Baumbach', 'Cum eveniet aperiam molestias nihil rerum molestias dolore distinctio. Est qui et sequi facilis dolorem reiciendis consequatur. Deleniti ea cumque nihil ipsum. Quia magni minus rerum molestias magni fugit.', 1, '2021-09-13 04:00:41', '2021-09-13 04:00:41'),
(266, 34, 'Geovany McGlynn', 'Corrupti in illo repellat sapiente. Soluta aut adipisci facilis qui qui facilis odit. Tempora aut aperiam voluptas occaecati ut. Eum eaque numquam voluptas nam totam quis mollitia.', 3, '2021-09-13 04:00:41', '2021-09-13 04:00:41'),
(267, 36, 'Lucile Raynor III', 'Non quas sapiente nobis. Quia sint libero doloribus delectus laborum voluptas libero. Placeat soluta quis rem quas quis debitis non quibusdam.', 1, '2021-09-13 04:00:41', '2021-09-13 04:00:41'),
(268, 22, 'Dr. Golden Thiel IV', 'Nam qui eos a qui dicta. Ut animi error dolor.', 3, '2021-09-13 04:00:42', '2021-09-13 04:00:42'),
(269, 5, 'Kirsten Parker', 'Veniam non totam eveniet et. Voluptas minus ut magnam sunt. Qui aut id fuga quae aut. Voluptas dolorum nemo possimus itaque.', 1, '2021-09-13 04:00:42', '2021-09-13 04:00:42'),
(270, 37, 'Miss Alda Kertzmann V', 'Rerum mollitia officiis laboriosam dolor voluptas. Consectetur doloremque et ullam est sint qui. Ratione aut fuga magnam veritatis.', 2, '2021-09-13 04:00:42', '2021-09-13 04:00:42'),
(271, 9, 'Ms. Genevieve Rowe', 'Ut ullam porro distinctio aperiam a. Et enim doloribus cum rem sint dolores. Maiores nobis qui est cum blanditiis ut repudiandae. Veritatis molestiae iusto explicabo modi voluptatibus sit aut.', 4, '2021-09-13 04:00:42', '2021-09-13 04:00:42'),
(272, 6, 'Lorenzo Hills', 'Rem voluptas sit neque molestias sapiente. Autem magni expedita animi aspernatur nemo. Voluptas iusto earum commodi vel dolorem quisquam et dolor.', 2, '2021-09-13 04:00:42', '2021-09-13 04:00:42'),
(273, 26, 'Etha Gerhold', 'Vel sit fugit enim. Temporibus expedita tempore sunt. Officiis in odio et ut labore ut. Magni consequatur aut voluptas libero.', 3, '2021-09-13 04:00:42', '2021-09-13 04:00:42'),
(274, 15, 'Dr. Mitchel Schmeler IV', 'Ipsam ratione distinctio et aut est. Ad possimus dolore iure ut velit earum neque. Corporis sint autem nihil nesciunt.', 5, '2021-09-13 04:00:42', '2021-09-13 04:00:42'),
(275, 34, 'Dr. Andres Block Sr.', 'Consequatur doloribus ipsam provident et sunt voluptas possimus voluptates. Perspiciatis et sit dignissimos molestias. Aliquam sit rerum repudiandae at. Fugiat id alias accusamus provident minima quasi doloremque. Quo animi voluptatem reiciendis deserunt cumque voluptatum.', 0, '2021-09-13 04:00:42', '2021-09-13 04:00:42'),
(276, 28, 'Magdalena Jacobs', 'Exercitationem ea omnis dignissimos sapiente commodi. Enim ad sunt omnis libero et facilis. Facilis doloribus quibusdam velit non quod suscipit. Nam corporis nulla consequatur nisi explicabo libero.', 1, '2021-09-13 04:00:42', '2021-09-13 04:00:42'),
(277, 49, 'Jade Wintheiser', 'Earum qui est harum hic. Necessitatibus consequatur labore odit voluptatum rerum. Assumenda blanditiis esse eum iure. Quo accusantium eum quia qui et.', 1, '2021-09-13 04:00:42', '2021-09-13 04:00:42'),
(278, 40, 'Nick Gislason', 'Dicta et quos nostrum distinctio mollitia ullam ab. Necessitatibus molestiae sunt dolor eum quam quia aperiam. Soluta quia voluptas rem explicabo omnis accusantium. Quia eos suscipit aut occaecati iusto.', 4, '2021-09-13 04:00:42', '2021-09-13 04:00:42'),
(279, 32, 'Dr. Shany Murazik MD', 'Earum voluptatem omnis ea temporibus corrupti consequatur autem distinctio. Non consequatur est voluptatem fuga. Neque quasi maxime at et aperiam voluptatem ab. Sint asperiores vel perspiciatis qui.', 1, '2021-09-13 04:00:42', '2021-09-13 04:00:42'),
(280, 5, 'Joe Stanton', 'Inventore et et laborum eligendi. Ullam officiis provident accusamus non consequatur.', 3, '2021-09-13 04:00:42', '2021-09-13 04:00:42'),
(281, 6, 'Layla Weber', 'Tempora repudiandae minima aspernatur illo consequatur. Ea tempora odio maxime aliquid voluptatem. Qui beatae dolore nostrum voluptas fugit.', 0, '2021-09-13 04:00:42', '2021-09-13 04:00:42'),
(282, 33, 'Mrs. Idella Okuneva', 'Exercitationem velit facere magnam mollitia magni ad ipsa quasi. In mollitia id qui incidunt laboriosam dolorum sint. Recusandae facilis sit dignissimos iusto nulla libero.', 4, '2021-09-13 04:00:42', '2021-09-13 04:00:42'),
(283, 2, 'Justice White', 'Quia quaerat adipisci quibusdam sed atque ipsum qui. Nihil cum numquam dignissimos numquam. Delectus ut sequi possimus. Commodi hic aut sit voluptatem odio.', 0, '2021-09-13 04:00:42', '2021-09-13 04:00:42'),
(284, 45, 'Dominic Ziemann', 'Dolorem minima voluptatem voluptatem quia. Alias unde est est. Est perferendis cupiditate est. Sit voluptates excepturi laudantium omnis consequatur repudiandae sit.', 2, '2021-09-13 04:00:42', '2021-09-13 04:00:42'),
(285, 45, 'Lisette Ruecker', 'Rerum animi fuga quas non minima sit. Voluptas deleniti amet doloribus molestiae sint molestiae. Repudiandae illum optio esse aut eligendi cumque voluptatem.', 4, '2021-09-13 04:00:42', '2021-09-13 04:00:42'),
(286, 14, 'Laila Wolf', 'Nisi commodi vitae qui possimus. Dolores harum explicabo voluptas reiciendis. Id tempora necessitatibus qui qui nostrum.', 0, '2021-09-13 04:00:43', '2021-09-13 04:00:43'),
(287, 49, 'Boris Steuber', 'Pariatur iste accusantium mollitia aut rem. Consequatur quia quia natus accusantium. Vel corrupti deserunt molestiae tempore facere unde.', 4, '2021-09-13 04:00:43', '2021-09-13 04:00:43'),
(288, 45, 'Dr. Carson Buckridge Jr.', 'Eos quibusdam illo nobis ducimus. Inventore quo autem earum voluptatem laborum. Quis minus modi saepe. Error ea quia et repellendus non corrupti mollitia.', 5, '2021-09-13 04:00:43', '2021-09-13 04:00:43'),
(289, 31, 'Mrs. Nayeli Berge III', 'Quas sunt et veniam quis fugiat modi. Quidem iste libero in ratione voluptas. Qui alias deleniti voluptatem qui a vero temporibus.', 3, '2021-09-13 04:00:43', '2021-09-13 04:00:43'),
(290, 10, 'Chandler Balistreri', 'Facilis explicabo voluptatem voluptatem eveniet odit aut. Et ut sit eveniet qui rem omnis earum. Ipsum ratione velit iste velit quia dolorem et eos.', 4, '2021-09-13 04:00:43', '2021-09-13 04:00:43'),
(291, 22, 'Aracely Runolfsdottir', 'Rem nemo laudantium eligendi quis sed sed. Beatae velit omnis itaque. Dolor accusamus unde id et. Ullam est est neque molestiae quasi neque.', 1, '2021-09-13 04:00:43', '2021-09-13 04:00:43'),
(292, 32, 'Sunny Bogisich MD', 'Repellendus perspiciatis neque iusto dolore. Qui ipsum cumque esse voluptatem expedita esse. Et praesentium a ut harum occaecati. Omnis nisi labore aliquam velit et qui minus.', 5, '2021-09-13 04:00:43', '2021-09-13 04:00:43'),
(293, 32, 'Arielle Smitham Sr.', 'Sunt a eligendi reiciendis rerum. Natus ut doloremque quia ea. Culpa dolorem odio ut enim.', 3, '2021-09-13 04:00:43', '2021-09-13 04:00:43'),
(294, 11, 'Dr. Constance Cruickshank Sr.', 'Maxime ipsum ipsum tempore eaque. Reprehenderit nisi quasi voluptas doloremque. Voluptate dolorem nihil ipsa in earum sunt. Velit unde sed qui reprehenderit quae.', 1, '2021-09-13 04:00:43', '2021-09-13 04:00:43'),
(295, 21, 'Prof. Carli Williamson V', 'Blanditiis excepturi cum consequuntur laboriosam. Sed eos beatae sed sit eos sed. Quaerat qui quo error ut. Excepturi excepturi mollitia et cupiditate.', 0, '2021-09-13 04:00:43', '2021-09-13 04:00:43'),
(296, 20, 'Dr. Julien Nicolas', 'Explicabo eveniet aut provident esse. Autem ipsum ex nisi rerum id maiores. Odit in accusantium ex quos dolores. Sit aut perspiciatis ut dolor.', 2, '2021-09-13 04:00:43', '2021-09-13 04:00:43'),
(297, 45, 'Aileen Cole', 'Suscipit molestiae laboriosam ut ea libero distinctio. Sit voluptas mollitia atque ut tenetur vel. Dolorum aperiam esse sunt.', 2, '2021-09-13 04:00:43', '2021-09-13 04:00:43'),
(298, 16, 'Deangelo Ebert', 'Quisquam dolor odio impedit voluptatem. Consequuntur ipsa ea aperiam dolor veritatis eum laboriosam. Laboriosam reprehenderit rerum sequi modi architecto sed nihil.', 2, '2021-09-13 04:00:43', '2021-09-13 04:00:43'),
(299, 28, 'Jerry Beier I', 'Aperiam hic consequuntur eligendi aut dolor ut. Dolore sed expedita perferendis delectus nesciunt fugiat.', 0, '2021-09-13 04:00:43', '2021-09-13 04:00:43'),
(300, 49, 'Miss Maryse Hartmann', 'Quam itaque blanditiis id maxime cumque. Suscipit expedita ex necessitatibus earum natus ut aperiam. Est iusto quae itaque rem veniam est enim. Cum ab est voluptas. Dolorem autem iusto dicta nemo animi sit accusamus.', 4, '2021-09-13 04:00:43', '2021-09-13 04:00:43');

-- --------------------------------------------------------

--
-- Table structure for table `users`
--

CREATE TABLE `users` (
  `id` bigint(20) UNSIGNED NOT NULL,
  `name` varchar(255) COLLATE utf8mb4_unicode_ci NOT NULL,
  `email` varchar(255) COLLATE utf8mb4_unicode_ci NOT NULL,
  `email_verified_at` timestamp NULL DEFAULT NULL,
  `password` varchar(255) COLLATE utf8mb4_unicode_ci NOT NULL,
  `remember_token` varchar(100) COLLATE utf8mb4_unicode_ci DEFAULT NULL,
  `created_at` timestamp NULL DEFAULT NULL,
  `updated_at` timestamp NULL DEFAULT NULL
) ENGINE=InnoDB DEFAULT CHARSET=utf8mb4 COLLATE=utf8mb4_unicode_ci;

--
-- Indexes for dumped tables
--

--
-- Indexes for table `failed_jobs`
--
ALTER TABLE `failed_jobs`
  ADD PRIMARY KEY (`id`),
  ADD UNIQUE KEY `failed_jobs_uuid_unique` (`uuid`);

--
-- Indexes for table `migrations`
--
ALTER TABLE `migrations`
  ADD PRIMARY KEY (`id`);

--
-- Indexes for table `password_resets`
--
ALTER TABLE `password_resets`
  ADD KEY `password_resets_email_index` (`email`);

--
-- Indexes for table `personal_access_tokens`
--
ALTER TABLE `personal_access_tokens`
  ADD PRIMARY KEY (`id`),
  ADD UNIQUE KEY `personal_access_tokens_token_unique` (`token`),
  ADD KEY `personal_access_tokens_tokenable_type_tokenable_id_index` (`tokenable_type`,`tokenable_id`);

--
-- Indexes for table `products`
--
ALTER TABLE `products`
  ADD PRIMARY KEY (`id`);

--
-- Indexes for table `reviews`
--
ALTER TABLE `reviews`
  ADD PRIMARY KEY (`id`),
  ADD KEY `reviews_product_id_index` (`product_id`);

--
-- Indexes for table `users`
--
ALTER TABLE `users`
  ADD PRIMARY KEY (`id`),
  ADD UNIQUE KEY `users_email_unique` (`email`);

--
-- AUTO_INCREMENT for dumped tables
--

--
-- AUTO_INCREMENT for table `failed_jobs`
--
ALTER TABLE `failed_jobs`
  MODIFY `id` bigint(20) UNSIGNED NOT NULL AUTO_INCREMENT;

--
-- AUTO_INCREMENT for table `migrations`
--
ALTER TABLE `migrations`
  MODIFY `id` int(10) UNSIGNED NOT NULL AUTO_INCREMENT, AUTO_INCREMENT=7;

--
-- AUTO_INCREMENT for table `personal_access_tokens`
--
ALTER TABLE `personal_access_tokens`
  MODIFY `id` bigint(20) UNSIGNED NOT NULL AUTO_INCREMENT;

--
-- AUTO_INCREMENT for table `products`
--
ALTER TABLE `products`
  MODIFY `id` int(10) UNSIGNED NOT NULL AUTO_INCREMENT, AUTO_INCREMENT=51;

--
-- AUTO_INCREMENT for table `reviews`
--
ALTER TABLE `reviews`
  MODIFY `id` int(10) UNSIGNED NOT NULL AUTO_INCREMENT, AUTO_INCREMENT=301;

--
-- AUTO_INCREMENT for table `users`
--
ALTER TABLE `users`
  MODIFY `id` bigint(20) UNSIGNED NOT NULL AUTO_INCREMENT;

--
-- Constraints for dumped tables
--

--
-- Constraints for table `reviews`
--
ALTER TABLE `reviews`
  ADD CONSTRAINT `reviews_product_id_foreign` FOREIGN KEY (`product_id`) REFERENCES `products` (`id`) ON DELETE CASCADE;
COMMIT;

/*!40101 SET CHARACTER_SET_CLIENT=@OLD_CHARACTER_SET_CLIENT */;
/*!40101 SET CHARACTER_SET_RESULTS=@OLD_CHARACTER_SET_RESULTS */;
/*!40101 SET COLLATION_CONNECTION=@OLD_COLLATION_CONNECTION */;
